model_name,experiment_id,block_number,processing_time,input_tokens,output_tokens,retries,average_score,accuracy,max_judge_retries,baseline_full_doc
qwen3-next:80b-cloud,6df5ebb88793_20260131033320,1,51.182915687561035,6912,4160,0,,0.9047619047619048,0,True
qwen3-next:80b-cloud,c2553b4d46ff_20260131033706,1,36.271870136260986,6912,4979,0,,0.9047619047619048,0,True
qwen3-next:80b-cloud,dd2816d55d72_20260131033718,1,58.48665380477905,6912,4722,0,,0.9047619047619048,0,True
qwen3-next:80b-cloud,fd1dd2f40162_20260131034044,1,61.587191343307495,6912,5840,0,,0.9047619047619048,0,True
qwen3-next:80b-cloud,b4fc1a27bbd5_20260131034050,1,63.30229449272156,6912,5350,0,,0.9047619047619048,0,True
qwen3-next:80b-cloud,e6fe36ecc5eb_20260131034130,1,65.64014053344727,6912,4284,0,,0.9047619047619048,0,True
qwen3-next:80b-cloud,cc9a6bd09a96_20260131034324,1,65.79260158538818,6912,6029,0,,0.9523809523809523,0,True
qwen3-next:80b-cloud,88ceda20b2f3_20260131034335,1,72.78968262672424,6912,5521,0,,0.8095238095238095,0,True
qwen3-next:80b-cloud,de1cfc67053a_20260131034437,1,70.94004583358765,6912,5415,0,,0.8571428571428571,0,True
qwen3-next:80b-cloud,eed9d6ec87eb_20260131034610,1,56.60486888885498,6912,5637,0,,0.8571428571428571,0,True
qwen3-next:80b-cloud,45780728c94d_20260131034642,1,93.00907444953918,6912,5387,0,,0.9523809523809523,0,True
qwen3-next:80b-cloud,861b31929c18_20260131034811,1,76.46731352806091,6912,7320,0,,0.9047619047619048,0,True
qwen3-next:80b-cloud,c0594b0e1600_20260131034904,1,86.32495927810669,6912,5568,0,,0.9523809523809523,0,True
qwen3-next:80b-cloud,6338c0d95f57_20260131034858,1,94.52875089645386,6912,6428,0,,0.9523809523809523,0,True
qwen3-next:80b-cloud,fc8ec8587844_20260131035011,1,79.72958564758301,6912,5187,0,,0.9047619047619048,0,True
qwen3-next:80b-cloud,97df20ac1066_20260131035141,1,72.63704919815063,6912,4809,0,,0.8571428571428571,0,True
qwen3-next:80b-cloud,6a08bddbb259_20260131035233,1,68.04888772964478,6912,5524,0,,0.9523809523809523,0,True
qwen3-next:80b-cloud,41e237679b5f_20260131035249,1,74.46410584449768,6912,5898,0,,0.9047619047619048,0,True
qwen3-next:80b-cloud,2051751a8bdb_20260131035326,1,78.84021496772766,6912,7547,0,,0.9523809523809523,0,True
qwen3-next:80b-cloud,2e355290bcfa_20260131035443,1,88.70565581321716,6912,5258,0,,0.9047619047619048,0,True
qwen3-next:80b-cloud,72595d1bd4d4_20260131035540,1,60.508681774139404,6912,5263,0,,0.9523809523809523,0,True
qwen3-next:80b-cloud,1d9bbee28631_20260131035721,1,74.47295904159546,6912,4071,0,,0.9047619047619048,0,True
qwen3-next:80b-cloud,2d286060f9be_20260131035852,1,67.2155933380127,6912,6555,0,,0.9523809523809523,0,True
qwen3-next:80b-cloud,1eb61aeda889_20260131040130,1,67.99572038650513,6912,5877,0,,0.9047619047619048,0,True
qwen3-next:80b-cloud,86a6142865f9_20260131040314,1,111.0682098865509,6912,7075,0,,0.9047619047619048,0,True
qwen3-next:80b-cloud,a4948e0f67bc_20260131040435,1,316.66276454925537,1381,5468,1,5.0,0.9047619047619048,2,False
qwen3-next:80b-cloud,a4948e0f67bc_20260131040435,2,100.66186499595642,1242,5504,0,4.75,0.9047619047619048,2,False
qwen3-next:80b-cloud,a4948e0f67bc_20260131040435,3,547.3644940853119,1749,2998,1,5.0,0.9047619047619048,2,False
qwen3-next:80b-cloud,a4948e0f67bc_20260131040435,4,564.9456419944763,1627,7935,2,4.5,0.9047619047619048,2,False
qwen3-next:80b-cloud,a4948e0f67bc_20260131040435,5,334.15863013267517,1654,2463,1,4.75,0.9047619047619048,2,False
qwen3-next:80b-cloud,a4948e0f67bc_20260131040435,6,89.28050422668457,1293,836,0,5.0,0.9047619047619048,2,False
qwen3-next:80b-cloud,e95fcdfc484a_20260131040418,1,418.99779987335205,1400,6135,1,4.666666666666667,0.8095238095238095,2,False
qwen3-next:80b-cloud,e95fcdfc484a_20260131040418,2,614.0854732990265,1514,3493,2,4.75,0.8095238095238095,2,False
qwen3-next:80b-cloud,e95fcdfc484a_20260131040418,3,479.29165959358215,1779,2677,1,5.0,0.8095238095238095,2,False
qwen3-next:80b-cloud,e95fcdfc484a_20260131040418,4,542.3946886062622,1626,5829,2,3.75,0.8095238095238095,2,False
qwen3-next:80b-cloud,e95fcdfc484a_20260131040418,5,358.99844121932983,1745,4371,1,4.75,0.8095238095238095,2,False
qwen3-next:80b-cloud,e95fcdfc484a_20260131040418,6,156.79558157920837,1293,1363,0,5.0,0.8095238095238095,2,False
qwen3-next:80b-cloud,b598bc25af8f_20260131041226,1,540.186849117279,1253,4311,2,3.6666666666666665,0.6190476190476191,2,False
qwen3-next:80b-cloud,b598bc25af8f_20260131041226,2,526.203720331192,1360,5093,2,3.0,0.6190476190476191,2,False
qwen3-next:80b-cloud,b598bc25af8f_20260131041226,3,327.1676788330078,1734,3328,1,4.75,0.6190476190476191,2,False
qwen3-next:80b-cloud,b598bc25af8f_20260131041226,4,485.9547073841095,1650,4112,2,1.0,0.6190476190476191,2,False
qwen3-next:80b-cloud,b598bc25af8f_20260131041226,5,180.79438376426697,1289,5419,0,4.75,0.6190476190476191,2,False
qwen3-next:80b-cloud,b598bc25af8f_20260131041226,6,141.82706832885742,1293,949,0,5.0,0.6190476190476191,2,False
qwen3-next:80b-cloud,4ada203f9962_20260131040813,1,493.0688931941986,1328,3534,2,3.6666666666666665,0.7142857142857143,2,False
qwen3-next:80b-cloud,4ada203f9962_20260131040813,2,388.62377166748047,1537,2853,1,4.75,0.7142857142857143,2,False
qwen3-next:80b-cloud,4ada203f9962_20260131040813,3,703.5938065052032,1686,5225,2,4.0,0.7142857142857143,2,False
qwen3-next:80b-cloud,4ada203f9962_20260131040813,4,548.5427417755127,1696,2602,2,4.5,0.7142857142857143,2,False
qwen3-next:80b-cloud,4ada203f9962_20260131040813,5,358.2540056705475,1629,3313,1,4.75,0.7142857142857143,2,False
qwen3-next:80b-cloud,4ada203f9962_20260131040813,6,130.9104700088501,1293,805,0,5.0,0.7142857142857143,2,False
qwen3-next:80b-cloud,78818c21f4ba_20260131044903,1,276.7076108455658,1371,5671,1,5.0,0.8571428571428571,2,False
qwen3-next:80b-cloud,78818c21f4ba_20260131044903,2,153.08553791046143,1242,3794,0,4.75,0.8571428571428571,2,False
qwen3-next:80b-cloud,78818c21f4ba_20260131044903,3,364.3575608730316,1690,6129,1,5.0,0.8571428571428571,2,False
qwen3-next:80b-cloud,78818c21f4ba_20260131044903,4,368.62271642684937,1584,3799,1,4.25,0.8571428571428571,2,False
qwen3-next:80b-cloud,78818c21f4ba_20260131044903,5,497.09068727493286,1617,4501,1,4.75,0.8571428571428571,2,False
qwen3-next:80b-cloud,78818c21f4ba_20260131044903,6,166.19646859169006,1293,1416,0,5.0,0.8571428571428571,2,False
qwen3-next:80b-cloud,d0522a6569c5_20260131044532,1,471.4145917892456,1235,5388,2,3.0,0.8571428571428571,2,False
qwen3-next:80b-cloud,d0522a6569c5_20260131044532,2,212.1941261291504,1242,3739,0,5.0,0.8571428571428571,2,False
qwen3-next:80b-cloud,d0522a6569c5_20260131044532,3,450.9666609764099,1683,7280,1,5.0,0.8571428571428571,2,False
qwen3-next:80b-cloud,d0522a6569c5_20260131044532,4,726.8659529685974,1723,5008,2,4.0,0.8571428571428571,2,False
qwen3-next:80b-cloud,d0522a6569c5_20260131044532,5,341.6991891860962,1738,7494,1,4.5,0.8571428571428571,2,False
qwen3-next:80b-cloud,d0522a6569c5_20260131044532,6,144.01240015029907,1293,1162,0,5.0,0.8571428571428571,2,False
qwen3-next:80b-cloud,67add135d439_20260131045408,1,487.701447725296,1378,5334,2,3.6666666666666665,0.7619047619047619,2,False
qwen3-next:80b-cloud,67add135d439_20260131045408,2,189.0378577709198,1242,4843,0,4.75,0.7619047619047619,2,False
qwen3-next:80b-cloud,67add135d439_20260131045408,3,383.49945735931396,1723,5366,1,4.25,0.7619047619047619,2,False
qwen3-next:80b-cloud,67add135d439_20260131045408,4,668.3064646720886,1714,3964,2,4.25,0.7619047619047619,2,False
qwen3-next:80b-cloud,67add135d439_20260131045408,5,150.38991570472717,1289,4107,0,5.0,0.7619047619047619,2,False
qwen3-next:80b-cloud,67add135d439_20260131045408,6,240.10879230499268,1293,1120,0,5.0,0.7619047619047619,2,False
qwen3-next:80b-cloud,25956e891937_20260131045110,1,521.0514960289001,1418,5119,2,3.0,0.7619047619047619,2,False
qwen3-next:80b-cloud,25956e891937_20260131045110,2,460.56625628471375,1415,5128,1,4.75,0.7619047619047619,2,False
qwen3-next:80b-cloud,25956e891937_20260131045110,3,354.89040541648865,1315,3410,0,5.0,0.7619047619047619,2,False
qwen3-next:80b-cloud,25956e891937_20260131045110,4,690.4838604927063,1663,9410,2,3.0,0.7619047619047619,2,False
qwen3-next:80b-cloud,25956e891937_20260131045110,5,440.0759220123291,1634,3184,1,5.0,0.7619047619047619,2,False
qwen3-next:80b-cloud,25956e891937_20260131045110,6,129.88444304466248,1293,1041,0,5.0,0.7619047619047619,2,False
qwen3-next:80b-cloud,4506feddc2ad_20260131052225,1,611.5496139526367,1408,4209,2,3.6666666666666665,0.6666666666666666,2,False
qwen3-next:80b-cloud,4506feddc2ad_20260131052225,2,349.0255641937256,1572,2253,1,4.75,0.6666666666666666,2,False
qwen3-next:80b-cloud,4506feddc2ad_20260131052225,3,641.4282157421112,1726,4431,2,4.75,0.6666666666666666,2,False
qwen3-next:80b-cloud,4506feddc2ad_20260131052225,4,290.41063356399536,1591,7273,1,5.0,0.6666666666666666,2,False
qwen3-next:80b-cloud,4506feddc2ad_20260131052225,5,146.366042137146,1289,6244,0,5.0,0.6666666666666666,2,False
qwen3-next:80b-cloud,4506feddc2ad_20260131052225,6,100.11595249176025,1293,1304,0,5.0,0.6666666666666666,2,False
qwen3-next:80b-cloud,e013e3c10cd2_20260131053629,1,496.9226586818695,1391,3682,2,3.6666666666666665,0.47619047619047616,2,False
qwen3-next:80b-cloud,e013e3c10cd2_20260131053629,2,269.05119943618774,1364,4195,1,5.0,0.47619047619047616,2,False
qwen3-next:80b-cloud,e013e3c10cd2_20260131053629,3,306.95486760139465,1791,2480,1,5.0,0.47619047619047616,2,False
qwen3-next:80b-cloud,e013e3c10cd2_20260131053629,4,90.47957015037537,1267,1763,0,5.0,0.47619047619047616,2,False
qwen3-next:80b-cloud,e013e3c10cd2_20260131053629,5,183.41453647613525,1289,5788,0,5.0,0.47619047619047616,2,False
qwen3-next:80b-cloud,e013e3c10cd2_20260131053629,6,138.13421368598938,1293,1540,0,5.0,0.47619047619047616,2,False
qwen3-next:80b-cloud,e12b4875a3f9_20260131053814,1,331.5185716152191,1376,4862,1,5.0,0.9047619047619048,2,False
qwen3-next:80b-cloud,e12b4875a3f9_20260131053814,2,186.5915355682373,1242,4237,0,4.5,0.9047619047619048,2,False
qwen3-next:80b-cloud,e12b4875a3f9_20260131053814,3,298.33188128471375,1749,6341,1,4.5,0.9047619047619048,2,False
qwen3-next:80b-cloud,e12b4875a3f9_20260131053814,4,381.0697531700134,1557,6929,2,4.5,0.9047619047619048,2,False
qwen3-next:80b-cloud,e12b4875a3f9_20260131053814,5,258.2596640586853,1735,7474,1,5.0,0.9047619047619048,2,False
qwen3-next:80b-cloud,e12b4875a3f9_20260131053814,6,84.1458477973938,1293,711,0,5.0,0.9047619047619048,2,False
qwen3-next:80b-cloud,4ca1fcd26479_20260131053344,1,318.12104201316833,1356,5539,1,5.0,0.7619047619047619,2,False
qwen3-next:80b-cloud,4ca1fcd26479_20260131053344,2,499.91577768325806,1597,4395,2,4.75,0.7619047619047619,2,False
qwen3-next:80b-cloud,4ca1fcd26479_20260131053344,3,198.88452124595642,1315,3160,0,5.0,0.7619047619047619,2,False
qwen3-next:80b-cloud,4ca1fcd26479_20260131053344,4,504.01701164245605,1651,7135,2,4.25,0.7619047619047619,2,False
qwen3-next:80b-cloud,4ca1fcd26479_20260131053344,5,272.51185870170593,1625,5323,1,5.0,0.7619047619047619,2,False
qwen3-next:80b-cloud,4ca1fcd26479_20260131053344,6,73.90963673591614,1293,1113,0,5.0,0.7619047619047619,2,False
qwen3-next:80b-cloud,1de2e8ef49eb_20260131060229,1,208.2616081237793,1332,6065,1,5.0,0.47619047619047616,2,False
qwen3-next:80b-cloud,1de2e8ef49eb_20260131060229,2,350.2087574005127,1401,5481,1,5.0,0.47619047619047616,2,False
qwen3-next:80b-cloud,1de2e8ef49eb_20260131060229,3,108.14424276351929,1315,4335,0,5.0,0.47619047619047616,2,False
qwen3-next:80b-cloud,1de2e8ef49eb_20260131060229,4,85.19763946533203,1267,1470,0,5.0,0.47619047619047616,2,False
qwen3-next:80b-cloud,1de2e8ef49eb_20260131060229,5,168.5565140247345,1289,4915,0,5.0,0.47619047619047616,2,False
qwen3-next:80b-cloud,1de2e8ef49eb_20260131060229,6,62.1126971244812,1293,1245,0,5.0,0.47619047619047616,2,False
qwen3-next:80b-cloud,76b2e2f6bd62_20260131055942,1,242.0840311050415,1409,7152,1,4.666666666666667,0.8571428571428571,2,False
qwen3-next:80b-cloud,76b2e2f6bd62_20260131055942,2,104.74466872215271,1242,4526,0,4.75,0.8571428571428571,2,False
qwen3-next:80b-cloud,76b2e2f6bd62_20260131055942,3,310.80924677848816,1735,4917,1,5.0,0.8571428571428571,2,False
qwen3-next:80b-cloud,76b2e2f6bd62_20260131055942,4,346.5906114578247,1621,2943,2,3.75,0.8571428571428571,2,False
qwen3-next:80b-cloud,76b2e2f6bd62_20260131055942,5,295.2100167274475,1756,4772,1,5.0,0.8571428571428571,2,False
qwen3-next:80b-cloud,76b2e2f6bd62_20260131055942,6,90.9844582080841,1293,901,0,5.0,0.8571428571428571,2,False
qwen3-next:80b-cloud,c3225f3773c7_20260131060614,1,331.77472400665283,1388,2832,2,3.6666666666666665,0.6666666666666666,2,False
qwen3-next:80b-cloud,c3225f3773c7_20260131060614,2,77.50193762779236,1242,4990,0,4.5,0.6666666666666666,2,False
qwen3-next:80b-cloud,c3225f3773c7_20260131060614,3,225.8778314590454,1703,5546,1,5.0,0.6666666666666666,2,False
qwen3-next:80b-cloud,c3225f3773c7_20260131060614,4,431.2455232143402,1551,3607,2,1.75,0.6666666666666666,2,False
qwen3-next:80b-cloud,c3225f3773c7_20260131060614,5,205.77334094047546,1653,3918,1,4.75,0.6666666666666666,2,False
qwen3-next:80b-cloud,c3225f3773c7_20260131060614,6,60.7362756729126,1293,1220,0,5.0,0.6666666666666666,2,False
qwen3-next:80b-cloud,0d1ad7efd8b5_20260131061052,1,243.48088788986206,1338,5248,2,3.0,0.7619047619047619,2,False
qwen3-next:80b-cloud,0d1ad7efd8b5_20260131061052,2,197.14475750923157,1565,4469,1,4.75,0.7619047619047619,2,False
qwen3-next:80b-cloud,0d1ad7efd8b5_20260131061052,3,182.27382493019104,1315,4827,0,5.0,0.7619047619047619,2,False
qwen3-next:80b-cloud,0d1ad7efd8b5_20260131061052,4,235.58996987342834,1574,5965,1,4.0,0.7619047619047619,2,False
qwen3-next:80b-cloud,0d1ad7efd8b5_20260131061052,5,152.8416337966919,1289,6095,0,4.5,0.7619047619047619,2,False
qwen3-next:80b-cloud,0d1ad7efd8b5_20260131061052,6,103.44972562789917,1293,952,0,5.0,0.7619047619047619,2,False
qwen3-next:80b-cloud,c0a6a91e55ab_20260131062002,1,315.34103441238403,1400,4017,2,3.6666666666666665,0.7142857142857143,2,False
qwen3-next:80b-cloud,c0a6a91e55ab_20260131062002,2,251.94758248329163,1393,5943,1,4.25,0.7142857142857143,2,False
qwen3-next:80b-cloud,c0a6a91e55ab_20260131062002,3,461.05838561058044,1598,6337,2,5.0,0.7142857142857143,2,False
qwen3-next:80b-cloud,c0a6a91e55ab_20260131062002,4,418.14260745048523,1635,3641,2,2.75,0.7142857142857143,2,False
qwen3-next:80b-cloud,c0a6a91e55ab_20260131062002,5,142.05375289916992,1289,5440,0,5.0,0.7142857142857143,2,False
qwen3-next:80b-cloud,c0a6a91e55ab_20260131062002,6,160.941504240036,1293,1358,0,5.0,0.7142857142857143,2,False
qwen3-next:80b-cloud,68db8c68e50c_20260131062747,1,351.69963669776917,1398,3074,2,3.3333333333333335,0.5714285714285714,2,False
qwen3-next:80b-cloud,68db8c68e50c_20260131062747,2,390.200829744339,1402,4600,1,5.0,0.5714285714285714,2,False
qwen3-next:80b-cloud,68db8c68e50c_20260131062747,3,167.24544191360474,1315,3641,0,5.0,0.5714285714285714,2,False
qwen3-next:80b-cloud,68db8c68e50c_20260131062747,4,441.859126329422,1584,5072,2,2.0,0.5714285714285714,2,False
qwen3-next:80b-cloud,68db8c68e50c_20260131062747,5,122.65908432006836,1289,4376,0,5.0,0.5714285714285714,2,False
qwen3-next:80b-cloud,68db8c68e50c_20260131062747,6,90.35438084602356,1293,1010,0,5.0,0.5714285714285714,2,False
qwen3-next:80b-cloud,97a9b11971ae_20260131063209,1,377.48195934295654,1407,3862,2,5.0,0.7619047619047619,2,False
qwen3-next:80b-cloud,97a9b11971ae_20260131063209,2,293.11929154396057,1575,5118,1,4.75,0.7619047619047619,2,False
qwen3-next:80b-cloud,97a9b11971ae_20260131063209,3,142.20887994766235,1315,2601,0,5.0,0.7619047619047619,2,False
qwen3-next:80b-cloud,97a9b11971ae_20260131063209,4,309.73812317848206,1617,4480,1,4.25,0.7619047619047619,2,False
qwen3-next:80b-cloud,97a9b11971ae_20260131063209,5,127.67068290710449,1289,3238,0,5.0,0.7619047619047619,2,False
qwen3-next:80b-cloud,97a9b11971ae_20260131063209,6,138.12882614135742,1293,991,0,5.0,0.7619047619047619,2,False
qwen3-next:80b-cloud,811a519ca23b_20260131063214,1,471.9950270652771,1389,4891,2,5.0,0.5714285714285714,2,False
qwen3-next:80b-cloud,811a519ca23b_20260131063214,2,77.67287254333496,1242,4482,0,5.0,0.5714285714285714,2,False
qwen3-next:80b-cloud,811a519ca23b_20260131063214,3,334.9524998664856,1778,5227,1,5.0,0.5714285714285714,2,False
qwen3-next:80b-cloud,811a519ca23b_20260131063214,4,476.3215169906616,1640,2564,2,2.75,0.5714285714285714,2,False
qwen3-next:80b-cloud,811a519ca23b_20260131063214,5,104.20219326019287,1289,4737,0,5.0,0.5714285714285714,2,False
qwen3-next:80b-cloud,811a519ca23b_20260131063214,6,128.1190161705017,1293,1909,0,5.0,0.5714285714285714,2,False
qwen3-next:80b-cloud,77ada7fe9674_20260131065106,1,382.34417629241943,1267,3447,2,3.6666666666666665,0.5714285714285714,2,False
qwen3-next:80b-cloud,77ada7fe9674_20260131065106,2,300.3908038139343,1402,5296,1,4.75,0.5714285714285714,2,False
qwen3-next:80b-cloud,77ada7fe9674_20260131065106,3,188.2917788028717,1684,1770,1,5.0,0.5714285714285714,2,False
qwen3-next:80b-cloud,77ada7fe9674_20260131065106,4,440.27248907089233,1642,5497,2,4.5,0.5714285714285714,2,False
qwen3-next:80b-cloud,77ada7fe9674_20260131065106,5,128.94549036026,1289,3621,0,5.0,0.5714285714285714,2,False
qwen3-next:80b-cloud,77ada7fe9674_20260131065106,6,125.12190628051758,1293,1314,0,5.0,0.5714285714285714,2,False
qwen3-next:80b-cloud,97e7c9bd59f9_20260131065659,1,384.8563120365143,1364,3231,2,3.6666666666666665,0.8571428571428571,2,False
qwen3-next:80b-cloud,97e7c9bd59f9_20260131065659,2,156.8200798034668,1242,3193,0,4.25,0.8571428571428571,2,False
qwen3-next:80b-cloud,97e7c9bd59f9_20260131065659,3,239.0844805240631,1787,4262,1,4.5,0.8571428571428571,2,False
qwen3-next:80b-cloud,97e7c9bd59f9_20260131065659,4,216.19221305847168,1585,7451,1,4.5,0.8571428571428571,2,False
qwen3-next:80b-cloud,97e7c9bd59f9_20260131065659,5,162.90397906303406,1289,5894,0,5.0,0.8571428571428571,2,False
qwen3-next:80b-cloud,97e7c9bd59f9_20260131065659,6,149.0165855884552,1293,1119,0,5.0,0.8571428571428571,2,False
qwen3-next:80b-cloud,34b3c98bc5a4_20260131065629,1,366.3196659088135,1363,4953,1,4.0,0.8571428571428571,2,False
qwen3-next:80b-cloud,34b3c98bc5a4_20260131065629,2,102.25470232963562,1109,1227,0,5.0,0.8571428571428571,2,False
qwen3-next:80b-cloud,34b3c98bc5a4_20260131065629,3,312.37001633644104,1745,2853,1,4.5,0.8571428571428571,2,False
qwen3-next:80b-cloud,34b3c98bc5a4_20260131065629,4,527.0093064308167,1581,4536,2,4.25,0.8571428571428571,2,False
qwen3-next:80b-cloud,34b3c98bc5a4_20260131065629,5,342.2786765098572,1874,5424,1,5.0,0.8571428571428571,2,False
qwen3-next:80b-cloud,34b3c98bc5a4_20260131065629,6,42.941447257995605,1293,1194,0,5.0,0.8571428571428571,2,False
qwen3-next:80b-cloud,6ab06c15c139_20260131072444,1,319.4242203235626,8520,3388,1,4.571428571428571,0.9047619047619048,2,True
qwen3-next:80b-cloud,2bf3a0cd8524_20260131072611,1,710.7789225578308,8222,4532,2,4.857142857142857,0.8095238095238095,2,True
qwen3-next:80b-cloud,4adaaab69756_20260131070057,1,337.5681483745575,1413,2968,2,3.6666666666666665,0.8571428571428571,2,False
qwen3-next:80b-cloud,4adaaab69756_20260131070057,2,499.1931822299957,1703,1453,2,4.75,0.8571428571428571,2,False
qwen3-next:80b-cloud,4adaaab69756_20260131070057,3,602.1815495491028,1786,2987,2,5.0,0.8571428571428571,2,False
qwen3-next:80b-cloud,4adaaab69756_20260131070057,4,399.1909725666046,1650,4055,1,4.25,0.8571428571428571,2,False
qwen3-next:80b-cloud,4adaaab69756_20260131070057,5,414.61003732681274,1843,2869,1,4.75,0.8571428571428571,2,False
qwen3-next:80b-cloud,4adaaab69756_20260131070057,6,173.34619736671448,1293,937,0,5.0,0.8571428571428571,2,False
qwen3-next:80b-cloud,a9058c0abb83_20260131073202,1,703.4842076301575,8404,4982,2,4.571428571428571,0.9523809523809523,2,True
qwen3-next:80b-cloud,22328a190628_20260131074053,1,372.5627658367157,8294,2967,1,4.714285714285714,0.9047619047619048,2,True
qwen3-next:80b-cloud,94dba510c21b_20260131072021,1,430.91993713378906,1397,3782,2,3.6666666666666665,0.7619047619047619,2,False
qwen3-next:80b-cloud,94dba510c21b_20260131072021,2,147.35073518753052,1242,4408,0,5.0,0.7619047619047619,2,False
qwen3-next:80b-cloud,94dba510c21b_20260131072021,3,142.19761991500854,1315,4549,0,5.0,0.7619047619047619,2,False
qwen3-next:80b-cloud,94dba510c21b_20260131072021,4,523.8604199886322,1619,6104,2,3.75,0.7619047619047619,2,False
qwen3-next:80b-cloud,94dba510c21b_20260131072021,5,312.2920742034912,1576,3203,1,4.75,0.7619047619047619,2,False
qwen3-next:80b-cloud,94dba510c21b_20260131072021,6,120.53604316711426,1293,1405,0,5.0,0.7619047619047619,2,False
qwen3-next:80b-cloud,82f7b37744fb_20260131074333,1,401.17711210250854,8138,5229,1,4.904761904761905,0.9047619047619048,2,True
qwen3-next:80b-cloud,fe645188f75e_20260131074538,1,413.3849527835846,8453,2487,1,4.857142857142857,0.8571428571428571,2,True
qwen3-next:80b-cloud,f526d9d7c997_20260131075044,1,198.5994062423706,6912,4908,0,4.809523809523809,0.9047619047619048,2,True
qwen3-next:80b-cloud,fb1ea09fc52c_20260131074832,1,675.2099387645721,8158,6297,1,4.761904761904762,0.8571428571428571,2,True
qwen3-next:80b-cloud,60d136f5009b_20260131075706,1,465.8343324661255,8498,5712,1,4.904761904761905,0.9047619047619048,2,True
qwen3-next:80b-cloud,157d67ab80a9_20260131075835,1,399.36500668525696,8330,2629,1,4.857142857142857,0.8571428571428571,2,True
qwen3-next:80b-cloud,b1ba6c45e981_20260131080118,1,536.4004607200623,6912,4392,2,4.809523809523809,0.9523809523809523,2,True
qwen3-next:80b-cloud,6cf9bfd8166b_20260131080139,1,520.4767045974731,6912,4503,2,4.809523809523809,0.9047619047619048,2,True
qwen3-next:80b-cloud,e6abd56eb1ab_20260131080813,1,310.6120526790619,8360,4035,1,4.666666666666667,0.9047619047619048,2,True
qwen3-next:80b-cloud,893be258625b_20260131080800,1,338.7367799282074,8392,4220,1,4.714285714285714,0.9523809523809523,2,True
qwen3-next:80b-cloud,20c43429e6fa_20260131081214,1,273.6038887500763,8377,3440,1,4.714285714285714,0.9523809523809523,2,True
qwen3-next:80b-cloud,25eb349eb750_20260131081334,1,227.35059237480164,6912,6348,0,4.761904761904762,0.9047619047619048,2,True
qwen3-next:80b-cloud,7214c4e7ebd2_20260131081541,1,415.4307849407196,8297,3660,1,4.761904761904762,0.8571428571428571,2,True
qwen3-next:80b-cloud,89a9582846e5_20260131081921,1,323.11868238449097,8261,3638,1,4.809523809523809,0.8571428571428571,2,True
qwen3-next:80b-cloud,01028590edbf_20260131081950,1,315.14253544807434,8101,4485,1,4.857142857142857,0.8571428571428571,2,True
qwen3-next:80b-cloud,a51fbc81f4bf_20260131082531,1,146.398761510849,6912,7669,0,5.0,0.8571428571428571,2,True
qwen3-next:80b-cloud,4f22e9e79fc8_20260131082610,1,221.26693081855774,6912,5067,0,5.0,0.9523809523809523,2,True
qwen3-next:80b-cloud,415980d4d472_20260131081911,1,690.7123093605042,6912,6783,2,4.666666666666667,0.9047619047619048,2,True
qwen3-next:80b-cloud,508e9a866e78_20260131082639,1,513.2819383144379,8527,4109,2,4.761904761904762,0.9047619047619048,2,True
qwen3-next:80b-cloud,1c0dbabea0ad_20260131083003,1,489.54024028778076,8500,4323,1,4.809523809523809,0.9523809523809523,2,True
qwen3-next:80b-cloud,5e596e0e66b6_20260131083116,1,451.9444673061371,7999,2948,1,4.619047619047619,0.9047619047619048,2,True
qwen3-next:80b-cloud,e96d02fc1b3a_20260201063647,1,12.90335750579834,4322,2423,0,,0.8571428571428571,0,False
qwen3-next:80b-cloud,e96d02fc1b3a_20260201063647,2,21.155089139938354,4183,3736,0,,0.8571428571428571,0,False
qwen3-next:80b-cloud,e96d02fc1b3a_20260201063647,3,23.53592586517334,3981,4610,0,,0.8571428571428571,0,False
qwen3-next:80b-cloud,e96d02fc1b3a_20260201063647,4,38.53162336349487,4358,6587,0,,0.8571428571428571,0,False
qwen3-next:80b-cloud,e96d02fc1b3a_20260201063647,5,49.06898593902588,3900,6782,0,,0.8571428571428571,0,False
qwen3-next:80b-cloud,e96d02fc1b3a_20260201063647,6,24.299943685531616,3196,1959,0,,0.8571428571428571,0,False
qwen3-next:80b-cloud,bf5818b01ed8_20260201063642,1,26.771671772003174,4322,4176,0,,0.9047619047619048,0,False
qwen3-next:80b-cloud,bf5818b01ed8_20260201063642,2,17.45600652694702,4183,3119,0,,0.9047619047619048,0,False
qwen3-next:80b-cloud,bf5818b01ed8_20260201063642,3,32.92576813697815,3981,6175,0,,0.9047619047619048,0,False
qwen3-next:80b-cloud,bf5818b01ed8_20260201063642,4,41.678609132766724,4358,7694,0,,0.9047619047619048,0,False
qwen3-next:80b-cloud,bf5818b01ed8_20260201063642,5,37.076536417007446,3900,4310,0,,0.9047619047619048,0,False
qwen3-next:80b-cloud,bf5818b01ed8_20260201063642,6,22.441651105880737,3196,1628,0,,0.9047619047619048,0,False
qwen3-next:80b-cloud,dad454511ced_20260201064110,1,56.20045757293701,2456,4634,0,,0.8571428571428571,0,False
qwen3-next:80b-cloud,dad454511ced_20260201064110,2,37.63795876502991,2454,4393,0,,0.8571428571428571,0,False
qwen3-next:80b-cloud,dad454511ced_20260201064110,3,34.283432960510254,3113,4053,0,,0.8571428571428571,0,False
qwen3-next:80b-cloud,dad454511ced_20260201064110,4,45.766722202301025,2750,5558,0,,0.8571428571428571,0,False
qwen3-next:80b-cloud,dad454511ced_20260201064110,5,42.88255500793457,2264,6493,0,,0.8571428571428571,0,False
qwen3-next:80b-cloud,dad454511ced_20260201064110,6,26.15444803237915,2173,1342,0,,0.8571428571428571,0,False
qwen3-next:80b-cloud,0dfa4977cf11_20260201064114,1,51.786428689956665,2456,2988,0,,0.9523809523809523,0,False
qwen3-next:80b-cloud,0dfa4977cf11_20260201064114,2,35.020875453948975,2454,4515,0,,0.9523809523809523,0,False
qwen3-next:80b-cloud,0dfa4977cf11_20260201064114,3,44.28399848937988,2527,5795,0,,0.9523809523809523,0,False
qwen3-next:80b-cloud,0dfa4977cf11_20260201064114,4,43.15435981750488,2750,5604,0,,0.9523809523809523,0,False
qwen3-next:80b-cloud,0dfa4977cf11_20260201064114,5,52.01658344268799,2264,6564,0,,0.9523809523809523,0,False
qwen3-next:80b-cloud,0dfa4977cf11_20260201064114,6,26.008028745651245,2173,1556,0,,0.9523809523809523,0,False
qwen3-next:80b-cloud,d2eb5be8c091_20260201064650,1,28.576722621917725,1531,2839,0,,0.8571428571428571,0,False
qwen3-next:80b-cloud,d2eb5be8c091_20260201064650,2,47.18984937667847,1989,5698,0,,0.8571428571428571,0,False
qwen3-next:80b-cloud,d2eb5be8c091_20260201064650,3,44.35872197151184,1901,5210,0,,0.8571428571428571,0,False
qwen3-next:80b-cloud,d2eb5be8c091_20260201064650,4,46.28789186477661,2242,5168,0,,0.8571428571428571,0,False
qwen3-next:80b-cloud,d2eb5be8c091_20260201064650,5,55.9016432762146,1737,5910,0,,0.8571428571428571,0,False
qwen3-next:80b-cloud,d2eb5be8c091_20260201064650,6,39.85147571563721,1741,1416,0,,0.8571428571428571,0,False
qwen3-next:80b-cloud,fd08dcdb5171_20260201064641,1,23.41775608062744,1531,2083,0,,0.7619047619047619,0,False
qwen3-next:80b-cloud,fd08dcdb5171_20260201064641,2,39.192028284072876,1989,4828,0,,0.7619047619047619,0,False
qwen3-next:80b-cloud,fd08dcdb5171_20260201064641,3,47.84816765785217,2487,4235,0,,0.7619047619047619,0,False
qwen3-next:80b-cloud,fd08dcdb5171_20260201064641,4,45.01146125793457,2242,4202,0,,0.7619047619047619,0,False
qwen3-next:80b-cloud,fd08dcdb5171_20260201064641,5,72.37929439544678,1737,6507,0,,0.7619047619047619,0,False
qwen3-next:80b-cloud,fd08dcdb5171_20260201064641,6,43.14980483055115,1741,1775,0,,0.7619047619047619,0,False
qwen3-next:80b-cloud,6b4a3ccd57c9_20260201065323,1,48.89388656616211,1531,3125,0,,0.6666666666666666,0,False
qwen3-next:80b-cloud,6b4a3ccd57c9_20260201065323,2,48.61653971672058,1541,4630,0,,0.6666666666666666,0,False
qwen3-next:80b-cloud,6b4a3ccd57c9_20260201065323,3,46.630388259887695,2487,3908,0,,0.6666666666666666,0,False
qwen3-next:80b-cloud,6b4a3ccd57c9_20260201065323,4,27.104443788528442,1715,1417,0,,0.6666666666666666,0,False
qwen3-next:80b-cloud,6b4a3ccd57c9_20260201065323,5,68.6630585193634,1737,5826,0,,0.6666666666666666,0,False
qwen3-next:80b-cloud,6b4a3ccd57c9_20260201065323,6,39.02047538757324,1741,1726,0,,0.6666666666666666,0,False
qwen3-next:80b-cloud,28e82cc8908c_20260201065333,1,46.01065111160278,1531,3535,0,,0.6666666666666666,0,False
qwen3-next:80b-cloud,28e82cc8908c_20260201065333,2,39.94234609603882,1541,3222,0,,0.6666666666666666,0,False
qwen3-next:80b-cloud,28e82cc8908c_20260201065333,3,34.56765699386597,2486,2970,0,,0.6666666666666666,0,False
qwen3-next:80b-cloud,28e82cc8908c_20260201065333,4,38.64558744430542,1715,3272,0,,0.6666666666666666,0,False
qwen3-next:80b-cloud,28e82cc8908c_20260201065333,5,103.0691237449646,1404,4003,0,,0.6666666666666666,0,False
qwen3-next:80b-cloud,28e82cc8908c_20260201065333,6,96.08970737457275,1741,1013,0,,0.6666666666666666,0,False
qwen3-next:80b-cloud,a22cfee38322_20260201070042,1,59.9479296207428,1531,3813,0,,0.6190476190476191,0,False
qwen3-next:80b-cloud,a22cfee38322_20260201070042,2,33.10685157775879,1541,3095,0,,0.6190476190476191,0,False
qwen3-next:80b-cloud,a22cfee38322_20260201070042,3,53.738572120666504,1901,3587,0,,0.6190476190476191,0,False
qwen3-next:80b-cloud,a22cfee38322_20260201070042,4,56.759459495544434,1715,2175,0,,0.6190476190476191,0,False
qwen3-next:80b-cloud,a22cfee38322_20260201070042,5,68.09872627258301,1737,5478,0,,0.6190476190476191,0,False
qwen3-next:80b-cloud,a22cfee38322_20260201070042,6,57.86886167526245,1293,1438,0,,0.6190476190476191,0,False
qwen3-next:80b-cloud,ee41448ba184_20260201070220,1,67.12206172943115,1531,3404,0,,0.6666666666666666,0,False
qwen3-next:80b-cloud,ee41448ba184_20260201070220,2,84.68955707550049,1541,8199,0,,0.6666666666666666,0,False
qwen3-next:80b-cloud,ee41448ba184_20260201070220,3,93.90790510177612,1900,6356,0,,0.6666666666666666,0,False
qwen3-next:80b-cloud,ee41448ba184_20260201070220,4,60.95483469963074,1715,1530,0,,0.6666666666666666,0,False
qwen3-next:80b-cloud,ee41448ba184_20260201070220,5,88.47383403778076,1737,4324,0,,0.6666666666666666,0,False
qwen3-next:80b-cloud,ee41448ba184_20260201070220,6,40.62439513206482,1293,1027,0,,0.6666666666666666,0,False
qwen3-next:80b-cloud,6988c5e268f1_20260201070911,1,43.9965660572052,1066,2905,0,,0.6190476190476191,0,False
qwen3-next:80b-cloud,6988c5e268f1_20260201070911,2,89.19980478286743,1541,3507,0,,0.6190476190476191,0,False
qwen3-next:80b-cloud,6988c5e268f1_20260201070911,3,70.28374218940735,1315,3227,0,,0.6190476190476191,0,False
qwen3-next:80b-cloud,6988c5e268f1_20260201070911,4,92.08946704864502,1715,2210,0,,0.6190476190476191,0,False
qwen3-next:80b-cloud,6988c5e268f1_20260201070911,5,71.30611801147461,1289,6566,0,,0.6190476190476191,0,False
qwen3-next:80b-cloud,6988c5e268f1_20260201070911,6,62.80329966545105,1293,1076,0,,0.6190476190476191,0,False
qwen3-next:80b-cloud,2cae986e14c5_20260201071207,1,97.94864320755005,1066,3147,0,,0.47619047619047616,0,False
qwen3-next:80b-cloud,2cae986e14c5_20260201071207,2,56.85622024536133,1541,4873,0,,0.47619047619047616,0,False
qwen3-next:80b-cloud,2cae986e14c5_20260201071207,3,77.06150007247925,1315,3345,0,,0.47619047619047616,0,False
qwen3-next:80b-cloud,2cae986e14c5_20260201071207,4,34.273715019226074,1715,1357,0,,0.47619047619047616,0,False
qwen3-next:80b-cloud,2cae986e14c5_20260201071207,5,59.692522048950195,1289,3721,0,,0.47619047619047616,0,False
qwen3-next:80b-cloud,2cae986e14c5_20260201071207,6,46.43596839904785,1293,1392,0,,0.47619047619047616,0,False
qwen3-next:80b-cloud,44c401c9d4a5_20260201071858,1,57.3800745010376,1066,2733,0,,0.42857142857142855,0,False
qwen3-next:80b-cloud,44c401c9d4a5_20260201071858,2,41.21693658828735,1109,1730,0,,0.42857142857142855,0,False
qwen3-next:80b-cloud,44c401c9d4a5_20260201071858,3,51.46273112297058,1315,2531,0,,0.42857142857142855,0,False
qwen3-next:80b-cloud,44c401c9d4a5_20260201071858,4,43.23543667793274,1267,1859,0,,0.42857142857142855,0,False
qwen3-next:80b-cloud,44c401c9d4a5_20260201071858,5,46.142518758773804,1289,5411,0,,0.42857142857142855,0,False
qwen3-next:80b-cloud,44c401c9d4a5_20260201071858,6,52.4489312171936,1293,1078,0,,0.42857142857142855,0,False
qwen3-next:80b-cloud,62cccda495e6_20260201072018,1,27.97141456604004,1066,2623,0,,0.38095238095238093,0,False
qwen3-next:80b-cloud,62cccda495e6_20260201072018,2,61.36646103858948,1109,1011,0,,0.38095238095238093,0,False
qwen3-next:80b-cloud,62cccda495e6_20260201072018,3,55.984025955200195,1315,5843,0,,0.38095238095238093,0,False
qwen3-next:80b-cloud,62cccda495e6_20260201072018,4,33.186564683914185,1267,1478,0,,0.38095238095238093,0,False
qwen3-next:80b-cloud,62cccda495e6_20260201072018,5,72.42428851127625,1289,4013,0,,0.38095238095238093,0,False
qwen3-next:80b-cloud,62cccda495e6_20260201072018,6,24.98620057106018,1293,1144,0,,0.38095238095238093,0,False
qwen3-next:80b-cloud,dca0670d8d63_20260201072629,1,36.125911712646484,1066,3256,0,,0.42857142857142855,0,False
qwen3-next:80b-cloud,dca0670d8d63_20260201072629,2,29.095046997070312,1109,1261,0,,0.42857142857142855,0,False
qwen3-next:80b-cloud,dca0670d8d63_20260201072629,3,47.10411810874939,1315,2858,0,,0.42857142857142855,0,False
qwen3-next:80b-cloud,dca0670d8d63_20260201072629,4,35.944148540496826,1267,1777,0,,0.42857142857142855,0,False
qwen3-next:80b-cloud,dca0670d8d63_20260201072629,5,37.584757804870605,1289,4581,0,,0.42857142857142855,0,False
qwen3-next:80b-cloud,dca0670d8d63_20260201072629,6,39.230217933654785,1293,1415,0,,0.42857142857142855,0,False
qwen3-next:80b-cloud,d2f540bb8272_20260201073020,1,60.777268409729004,1066,2756,0,,0.47619047619047616,0,False
qwen3-next:80b-cloud,d2f540bb8272_20260201073020,2,32.10360908508301,1109,1240,0,,0.47619047619047616,0,False
qwen3-next:80b-cloud,d2f540bb8272_20260201073020,3,60.836113691329956,1315,2692,0,,0.47619047619047616,0,False
qwen3-next:80b-cloud,d2f540bb8272_20260201073020,4,54.43981647491455,1267,6750,0,,0.47619047619047616,0,False
qwen3-next:80b-cloud,d2f540bb8272_20260201073020,5,66.92801094055176,1289,4175,0,,0.47619047619047616,0,False
qwen3-next:80b-cloud,d2f540bb8272_20260201073020,6,98.56883430480957,1293,940,0,,0.47619047619047616,0,False
qwen3-next:80b-cloud,9c069e8d2a2e_20260201073146,1,54.537232637405396,1066,2517,0,,0.47619047619047616,0,False
qwen3-next:80b-cloud,9c069e8d2a2e_20260201073146,2,30.400232076644897,1109,1198,0,,0.47619047619047616,0,False
qwen3-next:80b-cloud,9c069e8d2a2e_20260201073146,3,51.57856893539429,1315,2850,0,,0.47619047619047616,0,False
qwen3-next:80b-cloud,9c069e8d2a2e_20260201073146,4,54.82390761375427,1267,1358,0,,0.47619047619047616,0,False
qwen3-next:80b-cloud,9c069e8d2a2e_20260201073146,5,118.13689470291138,1289,4882,0,,0.47619047619047616,0,False
qwen3-next:80b-cloud,9c069e8d2a2e_20260201073146,6,48.82992506027222,1293,1078,0,,0.47619047619047616,0,False
qwen3-next:80b-cloud,8ff7051d1378_20260201073749,1,59.60257840156555,1066,3639,0,,0.42857142857142855,0,False
qwen3-next:80b-cloud,8ff7051d1378_20260201073749,2,46.92029404640198,1109,1221,0,,0.42857142857142855,0,False
qwen3-next:80b-cloud,8ff7051d1378_20260201073749,3,44.28927183151245,1315,3419,0,,0.42857142857142855,0,False
qwen3-next:80b-cloud,8ff7051d1378_20260201073749,4,50.813663482666016,1267,1531,0,,0.42857142857142855,0,False
qwen3-next:80b-cloud,8ff7051d1378_20260201073749,5,47.76923108100891,1289,5452,0,,0.42857142857142855,0,False
qwen3-next:80b-cloud,8ff7051d1378_20260201073749,6,59.53166580200195,1293,599,0,,0.42857142857142855,0,False
qwen3-next:80b-cloud,c138f80af506_20260201073921,1,34.665860176086426,1066,3284,0,,0.5714285714285714,0,False
qwen3-next:80b-cloud,c138f80af506_20260201073921,2,45.44023537635803,1109,1510,0,,0.5714285714285714,0,False
qwen3-next:80b-cloud,c138f80af506_20260201073921,3,56.606651306152344,1315,4597,0,,0.5714285714285714,0,False
qwen3-next:80b-cloud,c138f80af506_20260201073921,4,55.376216650009155,1267,1409,0,,0.5714285714285714,0,False
qwen3-next:80b-cloud,c138f80af506_20260201073921,5,65.34529161453247,1289,6315,0,,0.5714285714285714,0,False
qwen3-next:80b-cloud,c138f80af506_20260201073921,6,45.37823152542114,1293,1123,0,,0.5714285714285714,0,False
qwen3-next:80b-cloud,3e79d727a47e_20260201074431,1,45.06065011024475,1066,2954,0,,0.42857142857142855,0,False
qwen3-next:80b-cloud,3e79d727a47e_20260201074431,2,25.751500129699707,1109,979,0,,0.42857142857142855,0,False
qwen3-next:80b-cloud,3e79d727a47e_20260201074431,3,23.29918122291565,1315,2072,0,,0.42857142857142855,0,False
qwen3-next:80b-cloud,3e79d727a47e_20260201074431,4,74.44272017478943,1267,1328,0,,0.42857142857142855,0,False
qwen3-next:80b-cloud,3e79d727a47e_20260201074431,5,75.5149827003479,1289,5801,0,,0.42857142857142855,0,False
qwen3-next:80b-cloud,3e79d727a47e_20260201074431,6,43.622029066085815,1293,1521,0,,0.42857142857142855,0,False
qwen3-next:80b-cloud,d4c73d429764_20260201074546,1,37.71641230583191,1066,3310,0,,0.47619047619047616,0,False
qwen3-next:80b-cloud,d4c73d429764_20260201074546,2,62.05436587333679,1109,1209,0,,0.47619047619047616,0,False
qwen3-next:80b-cloud,d4c73d429764_20260201074546,3,70.55711364746094,1315,4145,0,,0.47619047619047616,0,False
qwen3-next:80b-cloud,d4c73d429764_20260201074546,4,52.18219351768494,1267,2157,0,,0.47619047619047616,0,False
qwen3-next:80b-cloud,d4c73d429764_20260201074546,5,64.4720184803009,1289,4582,0,,0.47619047619047616,0,False
qwen3-next:80b-cloud,d4c73d429764_20260201074546,6,26.85011625289917,1293,1203,0,,0.47619047619047616,0,False
qwen3-next:80b-cloud,ba7e14f50f99_20260201075056,1,63.94184160232544,1066,3536,0,,0.38095238095238093,0,False
qwen3-next:80b-cloud,ba7e14f50f99_20260201075056,2,53.75222849845886,1109,1201,0,,0.38095238095238093,0,False
qwen3-next:80b-cloud,ba7e14f50f99_20260201075056,3,36.92350482940674,1315,3324,0,,0.38095238095238093,0,False
qwen3-next:80b-cloud,ba7e14f50f99_20260201075056,4,21.475006818771362,1267,1631,0,,0.38095238095238093,0,False
qwen3-next:80b-cloud,ba7e14f50f99_20260201075056,5,43.712249517440796,1289,3729,0,,0.38095238095238093,0,False
qwen3-next:80b-cloud,ba7e14f50f99_20260201075056,6,57.368672370910645,1293,1572,0,,0.38095238095238093,0,False
qwen3-next:80b-cloud,a59855c85104_20260201075716,1,83.32603693008423,1066,3675,0,,0.38095238095238093,0,False
qwen3-next:80b-cloud,a59855c85104_20260201075716,2,32.91728138923645,1109,956,0,,0.38095238095238093,0,False
qwen3-next:80b-cloud,a59855c85104_20260201075716,3,55.0718138217926,1315,5091,0,,0.38095238095238093,0,False
qwen3-next:80b-cloud,a59855c85104_20260201075716,4,58.35002636909485,1267,1303,0,,0.38095238095238093,0,False
qwen3-next:80b-cloud,a59855c85104_20260201075716,5,42.90113568305969,1289,4217,0,,0.38095238095238093,0,False
qwen3-next:80b-cloud,a59855c85104_20260201075716,6,59.76443314552307,1293,1107,0,,0.38095238095238093,0,False
qwen3-next:80b-cloud,65680460a901_20260201075748,1,66.0136353969574,1066,2688,0,,0.3333333333333333,0,False
qwen3-next:80b-cloud,65680460a901_20260201075748,2,22.54906392097473,1109,1243,0,,0.3333333333333333,0,False
qwen3-next:80b-cloud,65680460a901_20260201075748,3,71.70900774002075,1315,3548,0,,0.3333333333333333,0,False
qwen3-next:80b-cloud,65680460a901_20260201075748,4,47.64392328262329,1267,1994,0,,0.3333333333333333,0,False
qwen3-next:80b-cloud,65680460a901_20260201075748,5,33.91981077194214,1289,2987,0,,0.3333333333333333,0,False
qwen3-next:80b-cloud,65680460a901_20260201075748,6,61.63204884529114,1293,864,0,,0.3333333333333333,0,False
qwen3-next:80b-cloud,5c7cb52b0f13_20260201080423,1,53.877379179000854,1066,3244,0,,0.42857142857142855,0,False
qwen3-next:80b-cloud,5c7cb52b0f13_20260201080423,2,23.628495454788208,1109,1283,0,,0.42857142857142855,0,False
qwen3-next:80b-cloud,5c7cb52b0f13_20260201080423,3,37.94473648071289,1315,2836,0,,0.42857142857142855,0,False
qwen3-next:80b-cloud,5c7cb52b0f13_20260201080423,4,48.957756757736206,1267,1995,0,,0.42857142857142855,0,False
qwen3-next:80b-cloud,5c7cb52b0f13_20260201080423,5,52.233673095703125,1289,5087,0,,0.42857142857142855,0,False
qwen3-next:80b-cloud,5c7cb52b0f13_20260201080423,6,128.30739307403564,1293,1084,0,,0.42857142857142855,0,False
