model_name,experiment_id,block_number,processing_time,input_tokens,output_tokens,retries,average_score,average_initial_score,extraction_rate,accuracy,max_judge_retries,baseline_full_doc
gpt-oss:120b-cloud,446528503b29_20260202012220,1,25.314949989318848,5051,1116,0,,,85.71428571428571,0.8571428571428571,0,False
gpt-oss:120b-cloud,446528503b29_20260202012220,2,21.507264375686646,5182,1280,0,,,85.71428571428571,0.8571428571428571,0,False
gpt-oss:120b-cloud,446528503b29_20260202012220,3,21.616909503936768,4775,1801,0,,,85.71428571428571,0.8571428571428571,0,False
gpt-oss:120b-cloud,446528503b29_20260202012220,4,24.75815773010254,5310,1450,0,,,85.71428571428571,0.8571428571428571,0,False
gpt-oss:120b-cloud,446528503b29_20260202012220,5,15.910614967346191,4514,1019,0,,,85.71428571428571,0.8571428571428571,0,False
gpt-oss:120b-cloud,446528503b29_20260202012220,6,17.894675970077515,4310,842,0,,,85.71428571428571,0.8571428571428571,0,False
gpt-oss:120b-cloud,a77d70e3f291_20260202012227,1,17.758530855178833,5051,1180,0,,,76.19047619047619,0.7619047619047619,0,False
gpt-oss:120b-cloud,a77d70e3f291_20260202012227,2,19.09980297088623,5182,1455,0,,,76.19047619047619,0.7619047619047619,0,False
gpt-oss:120b-cloud,a77d70e3f291_20260202012227,3,25.51292634010315,4775,2108,0,,,76.19047619047619,0.7619047619047619,0,False
gpt-oss:120b-cloud,a77d70e3f291_20260202012227,4,28.923512935638428,5310,2327,0,,,76.19047619047619,0.7619047619047619,0,False
gpt-oss:120b-cloud,a77d70e3f291_20260202012227,5,18.00462770462036,4514,1222,0,,,76.19047619047619,0.7619047619047619,0,False
gpt-oss:120b-cloud,a77d70e3f291_20260202012227,6,14.779520034790039,4310,1106,0,,,76.19047619047619,0.7619047619047619,0,False
gpt-oss:120b-cloud,7f37a9d590a6_20260202012230,1,18.085904359817505,5051,1790,0,,,85.71428571428571,0.8571428571428571,0,False
gpt-oss:120b-cloud,7f37a9d590a6_20260202012230,2,19.660459280014038,5182,1349,0,,,85.71428571428571,0.8571428571428571,0,False
gpt-oss:120b-cloud,7f37a9d590a6_20260202012230,3,25.531822681427002,4775,2000,0,,,85.71428571428571,0.8571428571428571,0,False
gpt-oss:120b-cloud,7f37a9d590a6_20260202012230,4,25.58897829055786,5310,1761,0,,,85.71428571428571,0.8571428571428571,0,False
gpt-oss:120b-cloud,7f37a9d590a6_20260202012230,5,21.87650442123413,4514,1382,0,,,85.71428571428571,0.8571428571428571,0,False
gpt-oss:120b-cloud,7f37a9d590a6_20260202012230,6,16.34988307952881,4310,864,0,,,85.71428571428571,0.8571428571428571,0,False
gpt-oss:120b-cloud,6a7491be420b_20260202012222,1,31.717033624649048,5051,1138,0,,,85.71428571428571,0.8571428571428571,0,False
gpt-oss:120b-cloud,6a7491be420b_20260202012222,2,21.25139546394348,5182,1523,0,,,85.71428571428571,0.8571428571428571,0,False
gpt-oss:120b-cloud,6a7491be420b_20260202012222,3,25.960172653198242,4775,1626,0,,,85.71428571428571,0.8571428571428571,0,False
gpt-oss:120b-cloud,6a7491be420b_20260202012222,4,21.043516159057617,5310,1058,0,,,85.71428571428571,0.8571428571428571,0,False
gpt-oss:120b-cloud,6a7491be420b_20260202012222,5,20.816378116607666,4514,1180,0,,,85.71428571428571,0.8571428571428571,0,False
gpt-oss:120b-cloud,6a7491be420b_20260202012222,6,16.44262409210205,4310,654,0,,,85.71428571428571,0.8571428571428571,0,False
gpt-oss:120b-cloud,6f3f74f5e76f_20260202012225,1,33.35200095176697,5051,1371,0,,,80.95238095238095,0.8095238095238095,0,False
gpt-oss:120b-cloud,6f3f74f5e76f_20260202012225,2,20.059977054595947,5182,1372,0,,,80.95238095238095,0.8095238095238095,0,False
gpt-oss:120b-cloud,6f3f74f5e76f_20260202012225,3,26.569956064224243,4775,1509,0,,,80.95238095238095,0.8095238095238095,0,False
gpt-oss:120b-cloud,6f3f74f5e76f_20260202012225,4,27.372827291488647,5310,2119,0,,,80.95238095238095,0.8095238095238095,0,False
gpt-oss:120b-cloud,6f3f74f5e76f_20260202012225,5,18.05007290840149,4514,1456,0,,,80.95238095238095,0.8095238095238095,0,False
gpt-oss:120b-cloud,6f3f74f5e76f_20260202012225,6,9.545146465301514,4310,349,0,,,80.95238095238095,0.8095238095238095,0,False
gpt-oss:120b-cloud,5a4391b00d5e_20260202012233,1,17.008728981018066,5051,1831,0,,,80.95238095238095,0.8095238095238095,0,False
gpt-oss:120b-cloud,5a4391b00d5e_20260202012233,2,18.524075746536255,5182,1417,0,,,80.95238095238095,0.8095238095238095,0,False
gpt-oss:120b-cloud,5a4391b00d5e_20260202012233,3,30.777231454849243,4775,3069,0,,,80.95238095238095,0.8095238095238095,0,False
gpt-oss:120b-cloud,5a4391b00d5e_20260202012233,4,27.99554181098938,5310,2370,0,,,80.95238095238095,0.8095238095238095,0,False
gpt-oss:120b-cloud,5a4391b00d5e_20260202012233,5,17.13971209526062,4514,978,0,,,80.95238095238095,0.8095238095238095,0,False
gpt-oss:120b-cloud,5a4391b00d5e_20260202012233,6,18.031413555145264,4310,1355,0,,,80.95238095238095,0.8095238095238095,0,False
gpt-oss:120b-cloud,532816b24eb8_20260202012217,1,40.431182622909546,5051,1709,0,,,85.71428571428571,0.8571428571428571,0,False
gpt-oss:120b-cloud,532816b24eb8_20260202012217,2,17.9610812664032,5182,1362,0,,,85.71428571428571,0.8571428571428571,0,False
gpt-oss:120b-cloud,532816b24eb8_20260202012217,3,28.30783462524414,4775,1809,0,,,85.71428571428571,0.8571428571428571,0,False
gpt-oss:120b-cloud,532816b24eb8_20260202012217,4,30.708223819732666,5310,2209,0,,,85.71428571428571,0.8571428571428571,0,False
gpt-oss:120b-cloud,532816b24eb8_20260202012217,5,18.46435022354126,4514,1519,0,,,85.71428571428571,0.8571428571428571,0,False
gpt-oss:120b-cloud,532816b24eb8_20260202012217,6,10.97286868095398,4310,631,0,,,85.71428571428571,0.8571428571428571,0,False
gpt-oss:120b-cloud,c5acb8390ff4_20260202012235,1,23.48754620552063,5051,1328,0,,,85.71428571428571,0.8571428571428571,0,False
gpt-oss:120b-cloud,c5acb8390ff4_20260202012235,2,21.162056922912598,5182,1776,0,,,85.71428571428571,0.8571428571428571,0,False
gpt-oss:120b-cloud,c5acb8390ff4_20260202012235,3,35.963027238845825,4775,2146,0,,,85.71428571428571,0.8571428571428571,0,False
gpt-oss:120b-cloud,c5acb8390ff4_20260202012235,4,24.56596326828003,5310,2012,0,,,85.71428571428571,0.8571428571428571,0,False
gpt-oss:120b-cloud,c5acb8390ff4_20260202012235,5,14.533586740493774,4514,1027,0,,,85.71428571428571,0.8571428571428571,0,False
gpt-oss:120b-cloud,c5acb8390ff4_20260202012235,6,17.12924551963806,4310,850,0,,,85.71428571428571,0.8571428571428571,0,False
gpt-oss:120b-cloud,d61cf4154d64_20260202012512,1,23.055346965789795,2849,1397,0,,,80.95238095238095,0.8095238095238095,0,False
gpt-oss:120b-cloud,d61cf4154d64_20260202012512,2,25.601264715194702,3371,1695,0,,,80.95238095238095,0.8095238095238095,0,False
gpt-oss:120b-cloud,d61cf4154d64_20260202012512,3,15.540136098861694,2376,1623,0,,,80.95238095238095,0.8095238095238095,0,False
gpt-oss:120b-cloud,d61cf4154d64_20260202012512,4,29.996614933013916,3686,2250,0,,,80.95238095238095,0.8095238095238095,0,False
gpt-oss:120b-cloud,d61cf4154d64_20260202012512,5,28.96760392189026,2365,1131,0,,,80.95238095238095,0.8095238095238095,0,False
gpt-oss:120b-cloud,d61cf4154d64_20260202012512,6,15.925722360610962,2656,536,0,,,80.95238095238095,0.8095238095238095,0,False
gpt-oss:120b-cloud,24265e0f9551_20260202012518,1,23.26605796813965,2849,1038,0,,,80.95238095238095,0.8095238095238095,0,False
gpt-oss:120b-cloud,24265e0f9551_20260202012518,2,23.054367780685425,3371,1660,0,,,80.95238095238095,0.8095238095238095,0,False
gpt-oss:120b-cloud,24265e0f9551_20260202012518,3,25.77793574333191,2376,1636,0,,,80.95238095238095,0.8095238095238095,0,False
gpt-oss:120b-cloud,24265e0f9551_20260202012518,4,20.223047733306885,3686,1581,0,,,80.95238095238095,0.8095238095238095,0,False
gpt-oss:120b-cloud,24265e0f9551_20260202012518,5,28.820631742477417,2365,1268,0,,,80.95238095238095,0.8095238095238095,0,False
gpt-oss:120b-cloud,24265e0f9551_20260202012518,6,18.766252040863037,2656,898,0,,,80.95238095238095,0.8095238095238095,0,False
gpt-oss:120b-cloud,a2d20b05b599_20260202012526,1,33.59890556335449,2849,1408,0,,,66.66666666666666,0.6666666666666666,0,False
gpt-oss:120b-cloud,a2d20b05b599_20260202012526,2,12.495326280593872,3371,1341,0,,,66.66666666666666,0.6666666666666666,0,False
gpt-oss:120b-cloud,a2d20b05b599_20260202012526,3,27.106050729751587,2376,1385,0,,,66.66666666666666,0.6666666666666666,0,False
gpt-oss:120b-cloud,a2d20b05b599_20260202012526,4,27.031817197799683,3686,1939,0,,,66.66666666666666,0.6666666666666666,0,False
gpt-oss:120b-cloud,a2d20b05b599_20260202012526,5,13.40834665298462,2365,587,0,,,66.66666666666666,0.6666666666666666,0,False
gpt-oss:120b-cloud,a2d20b05b599_20260202012526,6,18.019419193267822,2656,263,0,,,66.66666666666666,0.6666666666666666,0,False
gpt-oss:120b-cloud,3b59639cade1_20260202012557,1,12.45400857925415,3878,1317,0,,,71.42857142857143,0.8095238095238095,0,False
gpt-oss:120b-cloud,3b59639cade1_20260202012557,2,20.6131329536438,3371,1517,0,,,71.42857142857143,0.8095238095238095,0,False
gpt-oss:120b-cloud,3b59639cade1_20260202012557,3,32.18897986412048,3067,2069,0,,,71.42857142857143,0.8095238095238095,0,False
gpt-oss:120b-cloud,3b59639cade1_20260202012557,4,20.13753318786621,3686,1245,0,,,71.42857142857143,0.8095238095238095,0,False
gpt-oss:120b-cloud,3b59639cade1_20260202012557,5,19.675919771194458,2890,907,0,,,71.42857142857143,0.8095238095238095,0,False
gpt-oss:120b-cloud,3b59639cade1_20260202012557,6,13.046189308166504,2656,271,0,,,71.42857142857143,0.8095238095238095,0,False
gpt-oss:120b-cloud,9e03a2dda0c1_20260202012547,1,21.021089553833008,3878,1159,0,,,76.19047619047619,0.7619047619047619,0,False
gpt-oss:120b-cloud,9e03a2dda0c1_20260202012547,2,20.829366207122803,3371,1705,0,,,76.19047619047619,0.7619047619047619,0,False
gpt-oss:120b-cloud,9e03a2dda0c1_20260202012547,3,22.401150941848755,3067,1903,0,,,76.19047619047619,0.7619047619047619,0,False
gpt-oss:120b-cloud,9e03a2dda0c1_20260202012547,4,34.60335946083069,3686,2051,0,,,76.19047619047619,0.7619047619047619,0,False
gpt-oss:120b-cloud,9e03a2dda0c1_20260202012547,5,19.33513331413269,2365,1227,0,,,76.19047619047619,0.7619047619047619,0,False
gpt-oss:120b-cloud,9e03a2dda0c1_20260202012547,6,13.737371921539307,2656,624,0,,,76.19047619047619,0.7619047619047619,0,False
gpt-oss:120b-cloud,61748c4a746e_20260202012604,1,18.375617504119873,2849,1353,0,,,66.66666666666666,0.7619047619047619,0,False
gpt-oss:120b-cloud,61748c4a746e_20260202012604,2,21.11458921432495,3371,1390,0,,,66.66666666666666,0.7619047619047619,0,False
gpt-oss:120b-cloud,61748c4a746e_20260202012604,3,30.562738180160522,2376,1627,0,,,66.66666666666666,0.7619047619047619,0,False
gpt-oss:120b-cloud,61748c4a746e_20260202012604,4,23.24250030517578,3686,1548,0,,,66.66666666666666,0.7619047619047619,0,False
gpt-oss:120b-cloud,61748c4a746e_20260202012604,5,15.009212970733643,2365,666,0,,,66.66666666666666,0.7619047619047619,0,False
gpt-oss:120b-cloud,61748c4a746e_20260202012604,6,11.329878330230713,2656,481,0,,,66.66666666666666,0.7619047619047619,0,False
gpt-oss:120b-cloud,a07f384e34e0_20260202012600,1,16.425980806350708,3878,1229,0,,,80.95238095238095,0.9047619047619048,0,False
gpt-oss:120b-cloud,a07f384e34e0_20260202012600,2,23.32851243019104,3371,1232,0,,,80.95238095238095,0.9047619047619048,0,False
gpt-oss:120b-cloud,a07f384e34e0_20260202012600,3,28.789095640182495,3067,2428,0,,,80.95238095238095,0.9047619047619048,0,False
gpt-oss:120b-cloud,a07f384e34e0_20260202012600,4,24.774466276168823,4093,1923,0,,,80.95238095238095,0.9047619047619048,0,False
gpt-oss:120b-cloud,a07f384e34e0_20260202012600,5,19.078624725341797,2365,1458,0,,,80.95238095238095,0.9047619047619048,0,False
gpt-oss:120b-cloud,a07f384e34e0_20260202012600,6,17.055917263031006,2656,1030,0,,,80.95238095238095,0.9047619047619048,0,False
gpt-oss:120b-cloud,96bc473bf513_20260202012757,1,19.693091869354248,2849,1366,0,,,76.19047619047619,0.7619047619047619,0,False
gpt-oss:120b-cloud,96bc473bf513_20260202012757,2,32.06643342971802,3371,2151,0,,,76.19047619047619,0.7619047619047619,0,False
gpt-oss:120b-cloud,96bc473bf513_20260202012757,3,7.373626470565796,2376,1093,0,,,76.19047619047619,0.7619047619047619,0,False
gpt-oss:120b-cloud,96bc473bf513_20260202012757,4,15.393444299697876,3686,2061,0,,,76.19047619047619,0.7619047619047619,0,False
gpt-oss:120b-cloud,96bc473bf513_20260202012757,5,16.6012761592865,2890,1343,0,,,76.19047619047619,0.7619047619047619,0,False
gpt-oss:120b-cloud,96bc473bf513_20260202012757,6,22.216610431671143,2656,836,0,,,76.19047619047619,0.7619047619047619,0,False
gpt-oss:120b-cloud,5f6d2c8c8338_20260202012829,1,14.914889097213745,2442,674,0,,,61.904761904761905,0.7142857142857143,0,False
gpt-oss:120b-cloud,5f6d2c8c8338_20260202012829,2,6.938253879547119,2791,1036,0,,,61.904761904761905,0.7142857142857143,0,False
gpt-oss:120b-cloud,5f6d2c8c8338_20260202012829,3,10.430798530578613,1796,825,0,,,61.904761904761905,0.7142857142857143,0,False
gpt-oss:120b-cloud,5f6d2c8c8338_20260202012829,4,15.73319697380066,2651,1247,0,,,61.904761904761905,0.7142857142857143,0,False
gpt-oss:120b-cloud,5f6d2c8c8338_20260202012829,5,26.793418407440186,1767,2206,0,,,61.904761904761905,0.7142857142857143,0,False
gpt-oss:120b-cloud,5f6d2c8c8338_20260202012829,6,12.089665412902832,1616,357,0,,,61.904761904761905,0.7142857142857143,0,False
gpt-oss:120b-cloud,fcd0bc9206fe_20260202012837,1,10.095996141433716,2442,953,0,,,76.19047619047619,0.7619047619047619,0,False
gpt-oss:120b-cloud,fcd0bc9206fe_20260202012837,2,12.694306373596191,2791,1410,0,,,76.19047619047619,0.7619047619047619,0,False
gpt-oss:120b-cloud,fcd0bc9206fe_20260202012837,3,12.889276266098022,2376,1513,0,,,76.19047619047619,0.7619047619047619,0,False
gpt-oss:120b-cloud,fcd0bc9206fe_20260202012837,4,14.424139738082886,2651,1030,0,,,76.19047619047619,0.7619047619047619,0,False
gpt-oss:120b-cloud,fcd0bc9206fe_20260202012837,5,18.70356559753418,2365,1156,0,,,76.19047619047619,0.7619047619047619,0,False
gpt-oss:120b-cloud,fcd0bc9206fe_20260202012837,6,12.717581987380981,1616,337,0,,,76.19047619047619,0.7619047619047619,0,False
gpt-oss:120b-cloud,bca61506276f_20260202012819,1,29.74465584754944,2442,1398,0,,,66.66666666666666,0.7619047619047619,0,False
gpt-oss:120b-cloud,bca61506276f_20260202012819,2,13.413238048553467,2791,1660,0,,,66.66666666666666,0.7619047619047619,0,False
gpt-oss:120b-cloud,bca61506276f_20260202012819,3,17.4810471534729,1796,1262,0,,,66.66666666666666,0.7619047619047619,0,False
gpt-oss:120b-cloud,bca61506276f_20260202012819,4,18.8967924118042,2651,1495,0,,,66.66666666666666,0.7619047619047619,0,False
gpt-oss:120b-cloud,bca61506276f_20260202012819,5,18.65438675880432,1767,1398,0,,,66.66666666666666,0.7619047619047619,0,False
gpt-oss:120b-cloud,bca61506276f_20260202012819,6,18.010372400283813,1616,891,0,,,66.66666666666666,0.7619047619047619,0,False
gpt-oss:120b-cloud,d6231e5d22ea_20260202012849,1,9.205798149108887,2849,1320,0,,,71.42857142857143,0.7142857142857143,0,False
gpt-oss:120b-cloud,d6231e5d22ea_20260202012849,2,11.397276163101196,2791,1382,0,,,71.42857142857143,0.7142857142857143,0,False
gpt-oss:120b-cloud,d6231e5d22ea_20260202012849,3,17.96121311187744,1796,1195,0,,,71.42857142857143,0.7142857142857143,0,False
gpt-oss:120b-cloud,d6231e5d22ea_20260202012849,4,24.599695444107056,2651,1831,0,,,71.42857142857143,0.7142857142857143,0,False
gpt-oss:120b-cloud,d6231e5d22ea_20260202012849,5,20.984386920928955,1767,1322,0,,,71.42857142857143,0.7142857142857143,0,False
gpt-oss:120b-cloud,d6231e5d22ea_20260202012849,6,22.022388458251953,1616,299,0,,,71.42857142857143,0.7142857142857143,0,False
gpt-oss:120b-cloud,c275824976a0_20260202012856,1,10.88231372833252,2442,841,0,,,76.19047619047619,0.7619047619047619,0,False
gpt-oss:120b-cloud,c275824976a0_20260202012856,2,13.412105083465576,2791,945,0,,,76.19047619047619,0.7619047619047619,0,False
gpt-oss:120b-cloud,c275824976a0_20260202012856,3,18.18938708305359,1796,1226,0,,,76.19047619047619,0.7619047619047619,0,False
gpt-oss:120b-cloud,c275824976a0_20260202012856,4,29.7021701335907,2651,2001,0,,,76.19047619047619,0.7619047619047619,0,False
gpt-oss:120b-cloud,c275824976a0_20260202012856,5,24.524922370910645,1767,972,0,,,76.19047619047619,0.7619047619047619,0,False
gpt-oss:120b-cloud,c275824976a0_20260202012856,6,6.9840781688690186,1616,752,0,,,76.19047619047619,0.7619047619047619,0,False
gpt-oss:120b-cloud,ca62d27fa5e7_20260202012910,1,16.678903341293335,2849,1000,0,,,66.66666666666666,0.7619047619047619,0,False
gpt-oss:120b-cloud,ca62d27fa5e7_20260202012910,2,20.98009204864502,2791,1243,0,,,66.66666666666666,0.7619047619047619,0,False
gpt-oss:120b-cloud,ca62d27fa5e7_20260202012910,3,18.93500018119812,1796,1133,0,,,66.66666666666666,0.7619047619047619,0,False
gpt-oss:120b-cloud,ca62d27fa5e7_20260202012910,4,27.83254361152649,2651,1281,0,,,66.66666666666666,0.7619047619047619,0,False
gpt-oss:120b-cloud,ca62d27fa5e7_20260202012910,5,7.1532745361328125,1767,605,0,,,66.66666666666666,0.7619047619047619,0,False
gpt-oss:120b-cloud,ca62d27fa5e7_20260202012910,6,6.749925374984741,1616,865,0,,,66.66666666666666,0.7619047619047619,0,False
gpt-oss:120b-cloud,4b8b22d5907d_20260202012903,1,14.79833173751831,2442,1116,0,,,85.71428571428571,0.8571428571428571,0,False
gpt-oss:120b-cloud,4b8b22d5907d_20260202012903,2,19.70182704925537,2791,1620,0,,,85.71428571428571,0.8571428571428571,0,False
gpt-oss:120b-cloud,4b8b22d5907d_20260202012903,3,27.21841812133789,1796,2190,0,,,85.71428571428571,0.8571428571428571,0,False
gpt-oss:120b-cloud,4b8b22d5907d_20260202012903,4,27.335416316986084,2651,2023,0,,,85.71428571428571,0.8571428571428571,0,False
gpt-oss:120b-cloud,4b8b22d5907d_20260202012903,5,9.754040956497192,1767,940,0,,,85.71428571428571,0.8571428571428571,0,False
gpt-oss:120b-cloud,4b8b22d5907d_20260202012903,6,24.749576807022095,1616,681,0,,,85.71428571428571,0.8571428571428571,0,False
gpt-oss:120b-cloud,08434148c34f_20260202013109,1,23.334100484848022,7439,2666,0,,,90.47619047619048,1.0,0,True
gpt-oss:120b-cloud,8d3c15ea0583_20260202013125,1,29.217825889587402,7439,2267,0,,,90.47619047619048,1.0,0,True
gpt-oss:120b-cloud,901b880aeaac_20260202013131,1,25.938846588134766,7439,2413,0,,,85.71428571428571,0.9523809523809523,0,True
gpt-oss:120b-cloud,fd51a4298622_20260202013117,1,40.34681725502014,7439,3808,0,,,85.71428571428571,0.9523809523809523,0,True
gpt-oss:120b-cloud,fc9191966003_20260202013148,1,35.52038931846619,7439,3138,0,,,90.47619047619048,1.0,0,True
gpt-oss:120b-cloud,b9484a42377d_20260202013041,1,14.460120439529419,2442,1123,0,,,71.42857142857143,0.8095238095238095,0,False
gpt-oss:120b-cloud,b9484a42377d_20260202013041,2,16.73498797416687,1756,744,0,,,71.42857142857143,0.8095238095238095,0,False
gpt-oss:120b-cloud,b9484a42377d_20260202013041,3,10.75392770767212,1796,1175,0,,,71.42857142857143,0.8095238095238095,0,False
gpt-oss:120b-cloud,b9484a42377d_20260202013041,4,21.046908378601074,2169,2000,0,,,71.42857142857143,0.8095238095238095,0,False
gpt-oss:120b-cloud,b9484a42377d_20260202013041,5,20.006742238998413,1767,1202,0,,,71.42857142857143,0.8095238095238095,0,False
gpt-oss:120b-cloud,b9484a42377d_20260202013041,6,41.19332551956177,1616,639,0,,,71.42857142857143,0.8095238095238095,0,False
gpt-oss:120b-cloud,a599e3b757ec_20260202013239,1,37.02122473716736,7439,3064,0,,,90.47619047619048,1.0,0,True
gpt-oss:120b-cloud,065b6f846a15_20260202013048,1,26.24272632598877,2442,957,0,,,61.904761904761905,0.6190476190476191,0,False
gpt-oss:120b-cloud,065b6f846a15_20260202013048,2,19.988688468933105,2791,1467,0,,,61.904761904761905,0.6190476190476191,0,False
gpt-oss:120b-cloud,065b6f846a15_20260202013048,3,27.243387937545776,1796,508,0,,,61.904761904761905,0.6190476190476191,0,False
gpt-oss:120b-cloud,065b6f846a15_20260202013048,4,38.11317753791809,2651,1729,0,,,61.904761904761905,0.6190476190476191,0,False
gpt-oss:120b-cloud,065b6f846a15_20260202013048,5,26.75491762161255,1767,1101,0,,,61.904761904761905,0.6190476190476191,0,False
gpt-oss:120b-cloud,065b6f846a15_20260202013048,6,14.934521913528442,1616,674,0,,,61.904761904761905,0.6190476190476191,0,False
gpt-oss:120b-cloud,9a3962804d7d_20260202013258,1,23.732043981552124,7439,1998,0,,,85.71428571428571,0.9523809523809523,0,True
gpt-oss:120b-cloud,17fdefba7d8e_20260202013306,1,23.286678552627563,7439,2363,0,,,90.47619047619048,1.0,0,True
gpt-oss:120b-cloud,ea5fec9b2459_20260202013314,1,34.246459007263184,7439,3977,0,,,85.71428571428571,0.9523809523809523,0,True
gpt-oss:120b-cloud,93218f4c9ffe_20260202013320,1,36.10201978683472,7439,3755,0,,,90.47619047619048,1.0,0,True
gpt-oss:120b-cloud,43367ff2c44a_20260202013341,1,34.12444496154785,7439,2711,0,,,90.47619047619048,1.0,0,True
gpt-oss:120b-cloud,313647b64d92_20260202013440,1,29.433863878250122,7439,2790,0,,,90.47619047619048,1.0,0,True
gpt-oss:120b-cloud,5e68b2f3fb53_20260202013431,1,46.654135942459106,7439,3801,0,,,90.47619047619048,1.0,0,True
gpt-oss:120b-cloud,035d29d8cfc2_20260202013442,1,43.40215706825256,7439,2529,0,,,90.47619047619048,1.0,0,True
gpt-oss:120b-cloud,5a58968d0d3b_20260202013500,1,24.39735221862793,7439,2380,0,,,85.71428571428571,0.9523809523809523,0,True
gpt-oss:120b-cloud,5c9c5ab7fc61_20260202013508,1,31.697136163711548,7439,2520,0,,,80.95238095238095,0.9047619047619048,0,True
gpt-oss:120b-cloud,0cce992bd945_20260202013518,1,27.265706062316895,7439,2606,0,,,90.47619047619048,1.0,0,True
gpt-oss:120b-cloud,a081d94905e2_20260202013523,1,44.28056764602661,7439,4005,0,,,90.47619047619048,1.0,0,True
gpt-oss:120b-cloud,6a61525a9668_20260202013602,1,46.89341974258423,7439,4281,0,,,90.47619047619048,1.0,0,True
gpt-oss:120b-cloud,839539c3f8ff_20260202013631,1,39.27887535095215,7439,2373,0,,,85.71428571428571,0.9523809523809523,0,True
gpt-oss:120b-cloud,9edc9410500e_20260202013615,1,54.80622673034668,7439,4214,0,,,85.71428571428571,0.9523809523809523,0,True
gpt-oss:120b-cloud,725eccd4cdf1_20260202013638,1,38.24069333076477,7439,2493,0,,,90.47619047619048,1.0,0,True
gpt-oss:120b-cloud,7b78306e56f1_20260202013640,1,51.206714153289795,7439,2775,0,,,90.47619047619048,1.0,0,True
gpt-oss:120b-cloud,6edc7f9b5407_20260202013710,1,43.23038935661316,7439,2504,0,,,90.47619047619048,1.0,0,True
gpt-oss:120b-cloud,72c2a47195ca_20260202013746,1,46.17600178718567,7439,2292,0,,,85.71428571428571,0.9523809523809523,0,True
gpt-oss:120b-cloud,748c06a8789d_20260202013915,1,430.17009139060974,2797,1477,2,4.333333333333333,3.6666666666666665,80.95238095238095,0.8095238095238095,2,False
gpt-oss:120b-cloud,748c06a8789d_20260202013915,2,150.67864894866943,1756,1635,0,5.0,5.0,80.95238095238095,0.8095238095238095,2,False
gpt-oss:120b-cloud,748c06a8789d_20260202013915,3,319.87010955810547,2312,1243,1,4.75,3.0,80.95238095238095,0.8095238095238095,2,False
gpt-oss:120b-cloud,748c06a8789d_20260202013915,4,161.5383324623108,2169,1504,0,4.75,4.75,80.95238095238095,0.8095238095238095,2,False
gpt-oss:120b-cloud,748c06a8789d_20260202013915,5,213.25714921951294,1767,1306,0,4.75,4.75,80.95238095238095,0.8095238095238095,2,False
gpt-oss:120b-cloud,748c06a8789d_20260202013915,6,63.60937452316284,1616,768,0,5.0,5.0,80.95238095238095,0.8095238095238095,2,False
gpt-oss:120b-cloud,7670c64b35a7_20260202013823,1,111.55859088897705,2824,807,1,5.0,3.6666666666666665,71.42857142857143,0.8095238095238095,2,False
gpt-oss:120b-cloud,7670c64b35a7_20260202013823,2,254.3271632194519,2310,1390,1,4.25,3.5,71.42857142857143,0.8095238095238095,2,False
gpt-oss:120b-cloud,7670c64b35a7_20260202013823,3,421.99457335472107,2221,1652,2,4.75,3.0,71.42857142857143,0.8095238095238095,2,False
gpt-oss:120b-cloud,7670c64b35a7_20260202013823,4,381.05364060401917,2670,1162,1,4.25,4.0,71.42857142857143,0.8095238095238095,2,False
gpt-oss:120b-cloud,7670c64b35a7_20260202013823,5,163.77266383171082,1767,1061,0,5.0,5.0,71.42857142857143,0.8095238095238095,2,False
gpt-oss:120b-cloud,7670c64b35a7_20260202013823,6,68.05358552932739,1018,261,0,5.0,5.0,71.42857142857143,0.8095238095238095,2,False
gpt-oss:120b-cloud,02cf701049e1_20260202013807,1,142.57450079917908,2823,895,1,5.0,3.6666666666666665,71.42857142857143,0.7142857142857143,2,False
gpt-oss:120b-cloud,02cf701049e1_20260202013807,2,89.75481271743774,1756,1498,0,4.75,4.75,71.42857142857143,0.7142857142857143,2,False
gpt-oss:120b-cloud,02cf701049e1_20260202013807,3,394.4333062171936,2204,1172,2,2.75,2.0,71.42857142857143,0.7142857142857143,2,False
gpt-oss:120b-cloud,02cf701049e1_20260202013807,4,120.39595222473145,2169,1607,0,5.0,5.0,71.42857142857143,0.7142857142857143,2,False
gpt-oss:120b-cloud,02cf701049e1_20260202013807,5,623.2822523117065,2206,2003,2,4.0,4.0,71.42857142857143,0.7142857142857143,2,False
gpt-oss:120b-cloud,02cf701049e1_20260202013807,6,47.842992544174194,1616,661,0,5.0,5.0,71.42857142857143,0.7142857142857143,2,False
gpt-oss:120b-cloud,1f61c09deefe_20260202013907,1,185.97673916816711,2828,1068,1,5.0,3.6666666666666665,71.42857142857143,0.8095238095238095,2,False
gpt-oss:120b-cloud,1f61c09deefe_20260202013907,2,69.24218964576721,1756,1150,0,5.0,5.0,71.42857142857143,0.8095238095238095,2,False
gpt-oss:120b-cloud,1f61c09deefe_20260202013907,3,599.3556544780731,2181,1609,2,4.75,3.0,71.42857142857143,0.8095238095238095,2,False
gpt-oss:120b-cloud,1f61c09deefe_20260202013907,4,344.58622550964355,3158,1954,1,4.75,3.75,71.42857142857143,0.8095238095238095,2,False
gpt-oss:120b-cloud,1f61c09deefe_20260202013907,5,132.53437042236328,1767,1016,0,5.0,5.0,71.42857142857143,0.8095238095238095,2,False
gpt-oss:120b-cloud,1f61c09deefe_20260202013907,6,49.871575117111206,1616,336,0,5.0,5.0,71.42857142857143,0.8095238095238095,2,False
gpt-oss:120b-cloud,3f7ffdc7813a_20260202013942,1,148.10439586639404,2763,796,1,4.666666666666667,3.6666666666666665,76.19047619047619,0.8571428571428571,2,False
gpt-oss:120b-cloud,3f7ffdc7813a_20260202013942,2,165.71666765213013,1756,878,0,4.5,4.5,76.19047619047619,0.8571428571428571,2,False
gpt-oss:120b-cloud,3f7ffdc7813a_20260202013942,3,628.6688275337219,2256,1514,2,3.75,1.0,76.19047619047619,0.8571428571428571,2,False
gpt-oss:120b-cloud,3f7ffdc7813a_20260202013942,4,338.6232171058655,2555,2274,1,4.75,3.5,76.19047619047619,0.8571428571428571,2,False
gpt-oss:120b-cloud,3f7ffdc7813a_20260202013942,5,47.93861985206604,1767,1238,0,5.0,5.0,76.19047619047619,0.8571428571428571,2,False
gpt-oss:120b-cloud,3f7ffdc7813a_20260202013942,6,106.2461519241333,1616,287,0,5.0,5.0,76.19047619047619,0.8571428571428571,2,False
gpt-oss:120b-cloud,712615f49bf2_20260202013816,1,271.2302346229553,2765,1103,2,3.6666666666666665,3.6666666666666665,71.42857142857143,0.8095238095238095,2,False
gpt-oss:120b-cloud,712615f49bf2_20260202013816,2,149.64775776863098,1756,869,0,4.75,4.75,71.42857142857143,0.8095238095238095,2,False
gpt-oss:120b-cloud,712615f49bf2_20260202013816,3,627.5401730537415,2225,1268,2,4.5,3.0,71.42857142857143,0.8095238095238095,2,False
gpt-oss:120b-cloud,712615f49bf2_20260202013816,4,421.7354667186737,2766,1286,1,4.25,3.75,71.42857142857143,0.8095238095238095,2,False
gpt-oss:120b-cloud,712615f49bf2_20260202013816,5,201.78886699676514,2388,1532,1,4.75,3.75,71.42857142857143,0.8095238095238095,2,False
gpt-oss:120b-cloud,712615f49bf2_20260202013816,6,91.3734290599823,1616,299,0,5.0,5.0,71.42857142857143,0.8095238095238095,2,False
gpt-oss:120b-cloud,288a5c37b198_20260202013957,1,319.8455607891083,2796,746,2,3.6666666666666665,3.6666666666666665,80.95238095238095,0.9047619047619048,2,False
gpt-oss:120b-cloud,288a5c37b198_20260202013957,2,148.55686807632446,1756,1142,0,5.0,5.0,80.95238095238095,0.9047619047619048,2,False
gpt-oss:120b-cloud,288a5c37b198_20260202013957,3,244.95961952209473,2144,1136,1,5.0,3.75,80.95238095238095,0.9047619047619048,2,False
gpt-oss:120b-cloud,288a5c37b198_20260202013957,4,653.5838956832886,2514,2125,2,4.0,3.75,80.95238095238095,0.9047619047619048,2,False
gpt-oss:120b-cloud,288a5c37b198_20260202013957,5,277.0164260864258,2271,1216,1,5.0,2.5,80.95238095238095,0.9047619047619048,2,False
gpt-oss:120b-cloud,288a5c37b198_20260202013957,6,161.62767004966736,1833,1383,1,4.5,3.0,80.95238095238095,0.9047619047619048,2,False
gpt-oss:120b-cloud,65efe60c88be_20260202013828,1,285.2099823951721,2872,1244,2,4.666666666666667,3.6666666666666665,76.19047619047619,0.8571428571428571,2,False
gpt-oss:120b-cloud,65efe60c88be_20260202013828,2,425.0470428466797,2118,1532,1,4.75,3.75,76.19047619047619,0.8571428571428571,2,False
gpt-oss:120b-cloud,65efe60c88be_20260202013828,3,648.2780637741089,2201,2264,2,4.25,3.25,76.19047619047619,0.8571428571428571,2,False
gpt-oss:120b-cloud,65efe60c88be_20260202013828,4,363.7598867416382,2591,2387,1,4.75,3.25,76.19047619047619,0.8571428571428571,2,False
gpt-oss:120b-cloud,65efe60c88be_20260202013828,5,255.53206181526184,2266,1832,1,5.0,3.25,76.19047619047619,0.8571428571428571,2,False
gpt-oss:120b-cloud,65efe60c88be_20260202013828,6,142.36368346214294,1616,569,0,5.0,5.0,76.19047619047619,0.8571428571428571,2,False
gpt-oss:120b-cloud,0d29cad3c7a3_20260202020239,1,51.3309326171875,1407,842,0,5.0,5.0,52.38095238095239,0.6190476190476191,2,False
gpt-oss:120b-cloud,0d29cad3c7a3_20260202020239,2,86.10233187675476,1756,1352,0,4.75,4.75,52.38095238095239,0.6190476190476191,2,False
gpt-oss:120b-cloud,0d29cad3c7a3_20260202020239,3,273.5550093650818,1662,580,2,1.0,1.0,52.38095238095239,0.6190476190476191,2,False
gpt-oss:120b-cloud,0d29cad3c7a3_20260202020239,4,137.3069999217987,2169,1378,0,4.75,4.75,52.38095238095239,0.6190476190476191,2,False
gpt-oss:120b-cloud,0d29cad3c7a3_20260202020239,5,44.582491636276245,1285,483,0,5.0,5.0,52.38095238095239,0.6190476190476191,2,False
gpt-oss:120b-cloud,0d29cad3c7a3_20260202020239,6,111.71210622787476,1018,173,0,5.0,5.0,52.38095238095239,0.6190476190476191,2,False
gpt-oss:120b-cloud,08493efabfb6_20260202020339,1,281.8837115764618,2834,1382,2,3.3333333333333335,3.3333333333333335,66.66666666666666,0.7619047619047619,2,False
gpt-oss:120b-cloud,08493efabfb6_20260202020339,2,85.37710070610046,1756,1058,0,5.0,5.0,66.66666666666666,0.7619047619047619,2,False
gpt-oss:120b-cloud,08493efabfb6_20260202020339,3,140.36235213279724,1796,1410,0,4.25,4.25,66.66666666666666,0.7619047619047619,2,False
gpt-oss:120b-cloud,08493efabfb6_20260202020339,4,348.65903425216675,2543,960,1,4.25,4.0,66.66666666666666,0.7619047619047619,2,False
gpt-oss:120b-cloud,08493efabfb6_20260202020339,5,82.8060290813446,1767,1592,0,5.0,5.0,66.66666666666666,0.7619047619047619,2,False
gpt-oss:120b-cloud,08493efabfb6_20260202020339,6,74.45240807533264,1018,498,0,5.0,5.0,66.66666666666666,0.7619047619047619,2,False
gpt-oss:120b-cloud,637803c56b4d_20260202020215,1,62.70203256607056,2442,1672,0,4.333333333333333,4.333333333333333,80.95238095238095,0.8095238095238095,2,False
gpt-oss:120b-cloud,637803c56b4d_20260202020215,2,163.92113184928894,1756,983,0,4.5,4.5,80.95238095238095,0.8095238095238095,2,False
gpt-oss:120b-cloud,637803c56b4d_20260202020215,3,183.95838594436646,2169,1424,1,5.0,2.0,80.95238095238095,0.8095238095238095,2,False
gpt-oss:120b-cloud,637803c56b4d_20260202020215,4,262.19799613952637,2618,1674,1,4.25,3.25,80.95238095238095,0.8095238095238095,2,False
gpt-oss:120b-cloud,637803c56b4d_20260202020215,5,325.07634711265564,2249,1596,1,4.75,4.25,80.95238095238095,0.8095238095238095,2,False
gpt-oss:120b-cloud,637803c56b4d_20260202020215,6,181.87428951263428,1206,432,1,5.0,3.0,80.95238095238095,0.8095238095238095,2,False
gpt-oss:120b-cloud,7bfd4a827516_20260202020451,1,301.37184596061707,2712,1656,2,4.0,3.3333333333333335,57.14285714285714,0.6666666666666666,2,False
gpt-oss:120b-cloud,7bfd4a827516_20260202020451,2,120.94811248779297,1756,960,0,5.0,5.0,57.14285714285714,0.6666666666666666,2,False
gpt-oss:120b-cloud,7bfd4a827516_20260202020451,3,405.18808913230896,2237,2201,2,3.0,2.0,57.14285714285714,0.6666666666666666,2,False
gpt-oss:120b-cloud,7bfd4a827516_20260202020451,4,69.56194424629211,2169,1412,0,4.75,4.75,57.14285714285714,0.6666666666666666,2,False
gpt-oss:120b-cloud,7bfd4a827516_20260202020451,5,230.75246381759644,1767,1868,0,5.0,5.0,57.14285714285714,0.6666666666666666,2,False
gpt-oss:120b-cloud,7bfd4a827516_20260202020451,6,120.33482336997986,1018,242,0,5.0,5.0,57.14285714285714,0.6666666666666666,2,False
gpt-oss:120b-cloud,99ab8d9a948e_20260202020243,1,321.218457698822,2872,1005,2,3.6666666666666665,3.6666666666666665,80.95238095238095,0.9047619047619048,2,False
gpt-oss:120b-cloud,99ab8d9a948e_20260202020243,2,91.55919861793518,1756,1354,0,5.0,5.0,80.95238095238095,0.9047619047619048,2,False
gpt-oss:120b-cloud,99ab8d9a948e_20260202020243,3,170.58204197883606,2126,2562,1,4.25,2.25,80.95238095238095,0.9047619047619048,2,False
gpt-oss:120b-cloud,99ab8d9a948e_20260202020243,4,429.4440791606903,2169,1570,2,4.75,2.75,80.95238095238095,0.9047619047619048,2,False
gpt-oss:120b-cloud,99ab8d9a948e_20260202020243,5,178.35458326339722,2174,1659,1,4.5,2.0,80.95238095238095,0.9047619047619048,2,False
gpt-oss:120b-cloud,99ab8d9a948e_20260202020243,6,200.26119017601013,1018,423,0,5.0,5.0,80.95238095238095,0.9047619047619048,2,False
gpt-oss:120b-cloud,6ea51f2e09c0_20260202020820,1,103.69117593765259,2442,1010,0,4.666666666666667,4.666666666666667,76.19047619047619,0.7619047619047619,2,False
gpt-oss:120b-cloud,6ea51f2e09c0_20260202020820,2,135.53288960456848,1756,1350,0,5.0,5.0,76.19047619047619,0.7619047619047619,2,False
gpt-oss:120b-cloud,6ea51f2e09c0_20260202020820,3,461.9398891925812,2319,1553,2,3.75,3.5,76.19047619047619,0.7619047619047619,2,False
gpt-oss:120b-cloud,6ea51f2e09c0_20260202020820,4,240.05228805541992,2169,1791,0,4.0,4.0,76.19047619047619,0.7619047619047619,2,False
gpt-oss:120b-cloud,6ea51f2e09c0_20260202020820,5,88.11570620536804,1767,1276,0,5.0,5.0,76.19047619047619,0.7619047619047619,2,False
gpt-oss:120b-cloud,6ea51f2e09c0_20260202020820,6,359.06919860839844,1251,576,2,5.0,3.0,76.19047619047619,0.7619047619047619,2,False
gpt-oss:120b-cloud,d2433c5cd638_20260202021454,1,234.171710729599,2776,1206,1,5.0,3.6666666666666665,90.47619047619048,0.9047619047619048,2,False
gpt-oss:120b-cloud,d2433c5cd638_20260202021454,2,114.66435098648071,1756,1136,0,4.5,4.5,90.47619047619048,0.9047619047619048,2,False
gpt-oss:120b-cloud,d2433c5cd638_20260202021454,3,367.0708906650543,2307,985,1,5.0,3.75,90.47619047619048,0.9047619047619048,2,False
gpt-oss:120b-cloud,d2433c5cd638_20260202021454,4,286.3190221786499,2169,1140,0,4.75,4.75,90.47619047619048,0.9047619047619048,2,False
gpt-oss:120b-cloud,d2433c5cd638_20260202021454,5,210.79922890663147,1767,1162,0,4.75,4.75,90.47619047619048,0.9047619047619048,2,False
gpt-oss:120b-cloud,d2433c5cd638_20260202021454,6,346.8442554473877,1223,867,1,4.5,3.0,90.47619047619048,0.9047619047619048,2,False
gpt-oss:120b-cloud,4ea2b8113e90_20260202021534,1,370.4266793727875,1603,1136,2,4.333333333333333,3.6666666666666665,52.38095238095239,0.6190476190476191,2,False
gpt-oss:120b-cloud,4ea2b8113e90_20260202021534,2,209.892493724823,1349,889,0,4.75,4.75,52.38095238095239,0.6190476190476191,2,False
gpt-oss:120b-cloud,4ea2b8113e90_20260202021534,3,459.08568024635315,1683,418,2,2.75,2.0,52.38095238095239,0.6190476190476191,2,False
gpt-oss:120b-cloud,4ea2b8113e90_20260202021534,4,234.04979610443115,2106,1908,1,4.5,3.75,52.38095238095239,0.6190476190476191,2,False
gpt-oss:120b-cloud,4ea2b8113e90_20260202021534,5,224.65356612205505,1285,764,1,4.75,0.0,52.38095238095239,0.6190476190476191,2,False
gpt-oss:120b-cloud,4ea2b8113e90_20260202021534,6,48.92188620567322,1018,310,0,5.0,5.0,52.38095238095239,0.6190476190476191,2,False
gpt-oss:120b-cloud,71d02554b273_20260202022159,1,268.1435730457306,2810,1255,1,5.0,3.6666666666666665,71.42857142857143,0.8095238095238095,2,False
gpt-oss:120b-cloud,71d02554b273_20260202022159,2,138.0549602508545,1756,1434,0,5.0,5.0,71.42857142857143,0.8095238095238095,2,False
gpt-oss:120b-cloud,71d02554b273_20260202022159,3,312.16874384880066,1768,1249,2,4.5,2.0,71.42857142857143,0.8095238095238095,2,False
gpt-oss:120b-cloud,71d02554b273_20260202022159,4,395.51391410827637,2747,2325,1,4.0,3.0,71.42857142857143,0.8095238095238095,2,False
gpt-oss:120b-cloud,71d02554b273_20260202022159,5,425.59546303749084,1744,827,1,5.0,4.0,71.42857142857143,0.8095238095238095,2,False
gpt-oss:120b-cloud,71d02554b273_20260202022159,6,32.70033502578735,1018,215,0,5.0,5.0,71.42857142857143,0.8095238095238095,2,False
gpt-oss:120b-cloud,37b82e576e05_20260202021430,1,318.7038049697876,2909,1667,2,5.0,3.6666666666666665,85.71428571428571,0.8571428571428571,2,False
gpt-oss:120b-cloud,37b82e576e05_20260202021430,2,93.74269390106201,1756,1228,0,4.5,4.5,85.71428571428571,0.8571428571428571,2,False
gpt-oss:120b-cloud,37b82e576e05_20260202021430,3,294.11638855934143,2214,955,1,4.5,2.0,85.71428571428571,0.8571428571428571,2,False
gpt-oss:120b-cloud,37b82e576e05_20260202021430,4,449.1222574710846,2576,1212,1,4.25,3.75,85.71428571428571,0.8571428571428571,2,False
gpt-oss:120b-cloud,37b82e576e05_20260202021430,5,837.9422917366028,2331,1865,2,4.25,2.75,85.71428571428571,0.8571428571428571,2,False
gpt-oss:120b-cloud,37b82e576e05_20260202021430,6,167.73292303085327,1018,245,0,5.0,5.0,85.71428571428571,0.8571428571428571,2,False
gpt-oss:120b-cloud,99ec88bbfb98_20260202022416,1,244.66297507286072,2836,997,1,4.666666666666667,3.6666666666666665,66.66666666666666,0.6666666666666666,2,False
gpt-oss:120b-cloud,99ec88bbfb98_20260202022416,2,121.45260524749756,1756,988,0,4.75,4.75,66.66666666666666,0.6666666666666666,2,False
gpt-oss:120b-cloud,99ec88bbfb98_20260202022416,3,529.8920345306396,1873,488,2,2.75,2.0,66.66666666666666,0.6666666666666666,2,False
gpt-oss:120b-cloud,99ec88bbfb98_20260202022416,4,98.85253310203552,2169,2210,0,5.0,5.0,66.66666666666666,0.6666666666666666,2,False
gpt-oss:120b-cloud,99ec88bbfb98_20260202022416,5,524.1859393119812,1752,802,1,5.0,4.0,66.66666666666666,0.6666666666666666,2,False
gpt-oss:120b-cloud,99ec88bbfb98_20260202022416,6,175.7133538722992,1018,292,0,5.0,5.0,66.66666666666666,0.6666666666666666,2,False
gpt-oss:120b-cloud,6bd654ae23d2_20260202025216,1,271.52891182899475,7439,2740,0,5.0,5.0,90.47619047619048,1.0,2,True
gpt-oss:120b-cloud,e2ea8513de50_20260202025347,1,317.99639225006104,7439,3026,0,4.904761904761905,4.904761904761905,90.47619047619048,1.0,2,True
gpt-oss:120b-cloud,d0e9b12e0286_20260202022629,1,447.65622091293335,1803,1320,2,3.6666666666666665,3.6666666666666665,80.95238095238095,0.8095238095238095,2,False
gpt-oss:120b-cloud,d0e9b12e0286_20260202022629,2,325.74220609664917,2072,1218,1,4.75,4.25,80.95238095238095,0.8095238095238095,2,False
gpt-oss:120b-cloud,d0e9b12e0286_20260202022629,3,507.9901833534241,1679,1774,2,4.5,3.25,80.95238095238095,0.8095238095238095,2,False
gpt-oss:120b-cloud,d0e9b12e0286_20260202022629,4,59.838417053222656,2169,1485,0,5.0,5.0,80.95238095238095,0.8095238095238095,2,False
gpt-oss:120b-cloud,d0e9b12e0286_20260202022629,5,119.39086318016052,1285,904,0,5.0,5.0,80.95238095238095,0.8095238095238095,2,False
gpt-oss:120b-cloud,d0e9b12e0286_20260202022629,6,503.70686197280884,1210,796,1,4.5,3.0,80.95238095238095,0.8095238095238095,2,False
gpt-oss:120b-cloud,44d6cdd93c3a_20260202030029,1,248.91447567939758,7439,3654,0,5.0,5.0,90.47619047619048,1.0,2,True
gpt-oss:120b-cloud,48d99db490af_20260202025818,1,428.04027009010315,7439,2487,0,4.714285714285714,4.714285714285714,90.47619047619048,1.0,2,True
gpt-oss:120b-cloud,9c7dcae629ce_20260202022651,1,368.28590512275696,1691,806,2,3.6666666666666665,3.6666666666666665,61.904761904761905,0.6190476190476191,2,False
gpt-oss:120b-cloud,9c7dcae629ce_20260202022651,2,257.92850852012634,2175,1608,1,4.75,4.25,61.904761904761905,0.6190476190476191,2,False
gpt-oss:120b-cloud,9c7dcae629ce_20260202022651,3,641.3640325069427,1698,227,2,2.0,2.0,61.904761904761905,0.6190476190476191,2,False
gpt-oss:120b-cloud,9c7dcae629ce_20260202022651,4,204.86377096176147,2169,1712,0,5.0,5.0,61.904761904761905,0.6190476190476191,2,False
gpt-oss:120b-cloud,9c7dcae629ce_20260202022651,5,568.859165430069,1726,1334,2,5.0,2.25,61.904761904761905,0.6190476190476191,2,False
gpt-oss:120b-cloud,9c7dcae629ce_20260202022651,6,302.41462087631226,1018,272,0,5.0,5.0,61.904761904761905,0.6190476190476191,2,False
gpt-oss:120b-cloud,499024d30aa7_20260202030035,1,405.39905309677124,7439,2228,0,4.904761904761905,4.904761904761905,85.71428571428571,0.9523809523809523,2,True
gpt-oss:120b-cloud,213e0a63f1be_20260202030706,1,325.17738461494446,7439,2327,0,4.904761904761905,4.904761904761905,90.47619047619048,1.0,2,True
gpt-oss:120b-cloud,691b7d6fa4e2_20260202023205,1,278.68065762519836,1773,989,1,4.666666666666667,3.3333333333333335,76.19047619047619,0.8571428571428571,2,False
gpt-oss:120b-cloud,691b7d6fa4e2_20260202023205,2,209.30672430992126,1756,1096,0,4.75,4.75,76.19047619047619,0.8571428571428571,2,False
gpt-oss:120b-cloud,691b7d6fa4e2_20260202023205,3,614.6374087333679,1886,408,2,4.5,1.0,76.19047619047619,0.8571428571428571,2,False
gpt-oss:120b-cloud,691b7d6fa4e2_20260202023205,4,500.6165406703949,2169,1373,2,4.5,3.75,76.19047619047619,0.8571428571428571,2,False
gpt-oss:120b-cloud,691b7d6fa4e2_20260202023205,5,667.1988775730133,1686,1003,1,4.75,4.25,76.19047619047619,0.8571428571428571,2,False
gpt-oss:120b-cloud,691b7d6fa4e2_20260202023205,6,266.028133392334,1018,225,0,5.0,5.0,76.19047619047619,0.8571428571428571,2,False
gpt-oss:120b-cloud,6d3ccb57b79d_20260202031020,1,331.1680200099945,7439,3488,0,5.0,5.0,90.47619047619048,1.0,2,True
gpt-oss:120b-cloud,1349a1357792_20260202031421,1,142.45655703544617,7439,3295,0,4.9523809523809526,4.9523809523809526,90.47619047619048,1.0,2,True
gpt-oss:120b-cloud,eaae2d1863d1_20260202030746,1,571.5257637500763,9006,2918,1,4.857142857142857,4.761904761904762,85.71428571428571,0.9523809523809523,2,True
gpt-oss:120b-cloud,b16b866f5af1_20260202031512,1,224.57964849472046,7439,2508,0,5.0,5.0,85.71428571428571,0.9523809523809523,2,True
gpt-oss:120b-cloud,7c2b1b035004_20260202030901,1,606.5236785411835,8954,2895,1,4.857142857142857,4.761904761904762,90.47619047619048,1.0,2,True
gpt-oss:120b-cloud,c7225fe797ad_20260202031935,1,265.38670349121094,7439,2513,0,5.0,5.0,90.47619047619048,1.0,2,True
gpt-oss:120b-cloud,fa3f0b6a52f2_20260202031734,1,454.67177391052246,7439,2819,0,4.9523809523809526,4.9523809523809526,90.47619047619048,1.0,2,True
gpt-oss:120b-cloud,f40a96df873b_20260202032059,1,388.81082582473755,7439,2838,0,4.9523809523809526,4.9523809523809526,85.71428571428571,0.9523809523809523,2,True
gpt-oss:120b-cloud,e078378b854e_20260202032542,1,255.7360656261444,7439,2597,0,4.9523809523809526,4.9523809523809526,90.47619047619048,1.0,2,True
gpt-oss:120b-cloud,cd7fd0e36190_20260202024138,1,490.8538775444031,1778,1118,2,4.0,3.6666666666666665,80.95238095238095,0.8095238095238095,2,False
gpt-oss:120b-cloud,cd7fd0e36190_20260202024138,2,284.0342583656311,2234,1471,1,5.0,4.5,80.95238095238095,0.8095238095238095,2,False
gpt-oss:120b-cloud,cd7fd0e36190_20260202024138,3,1009.6652567386627,2382,1413,2,3.25,2.75,80.95238095238095,0.8095238095238095,2,False
gpt-oss:120b-cloud,cd7fd0e36190_20260202024138,4,231.20592379570007,2169,1703,0,4.75,4.75,80.95238095238095,0.8095238095238095,2,False
gpt-oss:120b-cloud,cd7fd0e36190_20260202024138,5,772.7094666957855,2125,939,1,4.75,4.5,80.95238095238095,0.8095238095238095,2,False
gpt-oss:120b-cloud,cd7fd0e36190_20260202024138,6,263.9298040866852,1018,240,0,5.0,5.0,80.95238095238095,0.8095238095238095,2,False
gpt-oss:120b-cloud,e06267d5b2e0_20260202032728,1,342.7747805118561,7439,3712,0,5.0,5.0,90.47619047619048,1.0,2,True
gpt-oss:120b-cloud,1925f710442a_20260202032007,1,825.4484858512878,9270,3123,1,4.857142857142857,4.761904761904762,90.47619047619048,1.0,2,True
gpt-oss:120b-cloud,50580db1bd2c_20260202024224,1,346.0689859390259,1740,954,1,4.666666666666667,3.6666666666666665,66.66666666666666,0.7619047619047619,2,False
gpt-oss:120b-cloud,50580db1bd2c_20260202024224,2,209.59580492973328,1349,545,0,4.75,4.75,66.66666666666666,0.7619047619047619,2,False
gpt-oss:120b-cloud,50580db1bd2c_20260202024224,3,591.0540490150452,1701,913,2,4.5,2.0,66.66666666666666,0.7619047619047619,2,False
gpt-oss:120b-cloud,50580db1bd2c_20260202024224,4,705.4112930297852,2127,1192,1,4.75,2.0,66.66666666666666,0.7619047619047619,2,False
gpt-oss:120b-cloud,50580db1bd2c_20260202024224,5,1042.9974710941315,1768,748,2,5.0,4.0,66.66666666666666,0.7619047619047619,2,False
gpt-oss:120b-cloud,50580db1bd2c_20260202024224,6,223.08818292617798,1018,198,0,5.0,5.0,66.66666666666666,0.7619047619047619,2,False
gpt-oss:120b-cloud,d243fe738dae_20260202032813,1,369.9183692932129,7439,2355,0,4.714285714285714,4.714285714285714,90.47619047619048,1.0,2,True
gpt-oss:120b-cloud,d72545d49b9d_20260202032851,1,375.16162180900574,7439,2416,0,4.857142857142857,4.857142857142857,90.47619047619048,1.0,2,True
gpt-oss:120b-cloud,f964967485e2_20260202033426,1,214.62102556228638,7439,2578,0,4.761904761904762,4.761904761904762,90.47619047619048,1.0,2,True
gpt-oss:120b-cloud,537eb04308b4_20260202033504,1,271.4081964492798,7439,2497,0,4.857142857142857,4.857142857142857,85.71428571428571,0.9523809523809523,2,True
gpt-oss:120b-cloud,f82a45781be5_20260202033440,1,356.91949677467346,7439,2302,0,4.761904761904762,4.761904761904762,90.47619047619048,1.0,2,True
gpt-oss:120b-cloud,ab8633f22818_20260202033452,1,356.5189914703369,7439,2337,0,4.857142857142857,4.857142857142857,90.47619047619048,1.0,2,True
gpt-oss:120b-cloud,f1ba9b374188_20260202033423,1,747.7634365558624,9129,2789,1,4.761904761904762,4.666666666666667,90.47619047619048,1.0,2,True
gpt-oss:120b-cloud,6b44c152f6c1_20260202024932,1,248.24244284629822,1985,1224,1,4.666666666666667,3.6666666666666665,71.42857142857143,0.8095238095238095,2,False
gpt-oss:120b-cloud,6b44c152f6c1_20260202024932,2,113.29136276245117,1349,712,0,5.0,5.0,71.42857142857143,0.8095238095238095,2,False
gpt-oss:120b-cloud,6b44c152f6c1_20260202024932,3,796.3500082492828,1710,1178,1,4.75,1.0,71.42857142857143,0.8095238095238095,2,False
gpt-oss:120b-cloud,6b44c152f6c1_20260202024932,4,852.8947784900665,2682,1794,2,4.25,3.25,71.42857142857143,0.8095238095238095,2,False
gpt-oss:120b-cloud,6b44c152f6c1_20260202024932,5,658.0008792877197,1579,872,1,4.75,3.0,71.42857142857143,0.8095238095238095,2,False
gpt-oss:120b-cloud,6b44c152f6c1_20260202024932,6,792.0224153995514,1283,368,2,5.0,3.0,71.42857142857143,0.8095238095238095,2,False
gpt-oss:120b-cloud,93dfc4fc03f5_20260202033517,1,875.6805334091187,9352,3104,1,4.809523809523809,4.714285714285714,85.71428571428571,0.9523809523809523,2,True
